-- MySQL dump 10.13  Distrib 8.0.26, for Win64 (x86_64)
--
-- Host: localhost    Database: lor
-- ------------------------------------------------------
-- Server version	8.0.26

/*!40101 SET @OLD_CHARACTER_SET_CLIENT=@@CHARACTER_SET_CLIENT */;
/*!40101 SET @OLD_CHARACTER_SET_RESULTS=@@CHARACTER_SET_RESULTS */;
/*!40101 SET @OLD_COLLATION_CONNECTION=@@COLLATION_CONNECTION */;
/*!50503 SET NAMES utf8 */;
/*!40103 SET @OLD_TIME_ZONE=@@TIME_ZONE */;
/*!40103 SET TIME_ZONE='+00:00' */;
/*!40014 SET @OLD_UNIQUE_CHECKS=@@UNIQUE_CHECKS, UNIQUE_CHECKS=0 */;
/*!40014 SET @OLD_FOREIGN_KEY_CHECKS=@@FOREIGN_KEY_CHECKS, FOREIGN_KEY_CHECKS=0 */;
/*!40101 SET @OLD_SQL_MODE=@@SQL_MODE, SQL_MODE='NO_AUTO_VALUE_ON_ZERO' */;
/*!40111 SET @OLD_SQL_NOTES=@@SQL_NOTES, SQL_NOTES=0 */;

--
-- Table structure for table `card`
--

DROP TABLE IF EXISTS `card`;
/*!40101 SET @saved_cs_client     = @@character_set_client */;
/*!50503 SET character_set_client = utf8mb4 */;
CREATE TABLE `card` (
  `id` varchar(20) NOT NULL,
  `name` varchar(45) NOT NULL,
  `cost` int NOT NULL,
  `attack` int DEFAULT NULL,
  `health` int DEFAULT NULL,
  `description` varchar(200) DEFAULT NULL,
  `flavorText` varchar(300) DEFAULT NULL,
  `type` varchar(45) NOT NULL,
  `picture1` varchar(145) NOT NULL,
  `picture2` varchar(145) NOT NULL,
  `artist` varchar(45) DEFAULT NULL,
  `levelUp` varchar(145) DEFAULT NULL,
  `spellSpeed` varchar(45) DEFAULT NULL,
  `cardSet` varchar(10) DEFAULT NULL,
  `subType` varchar(45) DEFAULT NULL,
  `Rarity_id` int NOT NULL,
  PRIMARY KEY (`id`),
  KEY `fk_Card_Rarity1_idx` (`Rarity_id`),
  CONSTRAINT `fk_Card_Rarity1` FOREIGN KEY (`Rarity_id`) REFERENCES `rarity` (`id`)
) ENGINE=InnoDB DEFAULT CHARSET=utf8mb3;
/*!40101 SET character_set_client = @saved_cs_client */;

--
-- Dumping data for table `card`
--

LOCK TABLES `card` WRITE;
/*!40000 ALTER TABLE `card` DISABLE KEYS */;
INSERT INTO `card` VALUES ('01DE001','Vanguard Bannerman',4,3,3,'Allegiance: Grant other allies +1|+1.',NULL,'Unit','http://dd.b.pvp.net/3_1_0/set1/en_us/img/cards/01DE001.png','http://dd.b.pvp.net/3_1_0/set1/en_us/img/cards/01DE001-full.png','SIXMOREVODKA','','','Set1','ELITE',2),('01DE002','Tianna Crownguard',8,8,8,'When I\'m summoned, Rally.',NULL,'Unit','http://dd.b.pvp.net/3_1_0/set1/en_us/img/cards/01DE002.png','http://dd.b.pvp.net/3_1_0/set1/en_us/img/cards/01DE002-full.png','SIXMOREVODKA','','','Set1','',3),('01DE003','Laurent Bladekeeper',4,3,3,'Play: Grant an ally +2|+2.',NULL,'Unit','http://dd.b.pvp.net/3_1_0/set1/en_us/img/cards/01DE003.png','http://dd.b.pvp.net/3_1_0/set1/en_us/img/cards/01DE003-full.png','SIXMOREVODKA','','','Set1','',2),('01DE004','Silverwing Vanguard',4,2,1,'When I\'m summoned, summon an exact copy of me.',NULL,'Unit','http://dd.b.pvp.net/3_1_0/set1/en_us/img/cards/01DE004.png','http://dd.b.pvp.net/3_1_0/set1/en_us/img/cards/01DE004-full.png','SIXMOREVODKA','','','Set1','ELITE',1),('01DE006','Vanguard Sergeant',3,3,4,'When I\'m summoned, create a For Demacia! in hand.',NULL,'Unit','http://dd.b.pvp.net/3_1_0/set1/en_us/img/cards/01DE006.png','http://dd.b.pvp.net/3_1_0/set1/en_us/img/cards/01DE006-full.png','SIXMOREVODKA','','','Set1','ELITE',2),('01DE007','Judgment',8,0,0,'A battling ally strikes all battling enemies.',NULL,'Spell','http://dd.b.pvp.net/3_1_0/set1/en_us/img/cards/01DE007.png','http://dd.b.pvp.net/3_1_0/set1/en_us/img/cards/01DE007-full.png','Kudos Productions','','Fast','Set1','',3),('01DE009','Brightsteel Protector',2,3,2,'Play: Give an ally Barrier this round.',NULL,'Unit','http://dd.b.pvp.net/3_1_0/set1/en_us/img/cards/01DE009.png','http://dd.b.pvp.net/3_1_0/set1/en_us/img/cards/01DE009-full.png','SIXMOREVODKA','','','Set1','',1),('01DE010','Swiftwing Lancer',5,5,4,'Last Breath: Create a random Elite in hand.',NULL,'Unit','http://dd.b.pvp.net/3_1_0/set1/en_us/img/cards/01DE010.png','http://dd.b.pvp.net/3_1_0/set1/en_us/img/cards/01DE010-full.png','SIXMOREVODKA','','','Set1','',2),('01DE011','Laurent Protege',3,2,4,'',NULL,'Unit','http://dd.b.pvp.net/3_1_0/set1/en_us/img/cards/01DE011.png','http://dd.b.pvp.net/3_1_0/set1/en_us/img/cards/01DE011-full.png','SIXMOREVODKA','','','Set1','',1),('01DE012','Garen',5,5,5,'',NULL,'Unit','http://dd.b.pvp.net/3_1_0/set1/en_us/img/cards/01DE012.png','http://dd.b.pvp.net/3_1_0/set1/en_us/img/cards/01DE012-full.png','SIXMOREVODKA','I\'ve struck twice.','','Set1','ELITE',4),('01DE012T1','Garen',5,6,6,'Round Start: Rally.',NULL,'Unit','http://dd.b.pvp.net/3_1_0/set1/en_us/img/cards/01DE012T1.png','http://dd.b.pvp.net/3_1_0/set1/en_us/img/cards/01DE012T1-full.png','SIXMOREVODKA','','','Set1','ELITE',5),('01DE012T2','Garen\'s Judgment',8,0,0,'\"A battling ally strikes all battling enemies.\nCreate a Garen in your deck.\"',NULL,'Spell','http://dd.b.pvp.net/3_1_0/set1/en_us/img/cards/01DE012T2.png','http://dd.b.pvp.net/3_1_0/set1/en_us/img/cards/01DE012T2-full.png','Kudos Productions','','Fast','Set1','',5),('01DE013','Chain Vest',1,0,0,'Grant an ally Tough.',NULL,'Spell','http://dd.b.pvp.net/3_1_0/set1/en_us/img/cards/01DE013.png','http://dd.b.pvp.net/3_1_0/set1/en_us/img/cards/01DE013-full.png','Kudos Productions','','Burst','Set1','',1),('01DE014','Reinforcements',8,0,0,'Summon 2 Dauntless Vanguards, then grant Elite allies +1|+1.',NULL,'Spell','http://dd.b.pvp.net/3_1_0/set1/en_us/img/cards/01DE014.png','http://dd.b.pvp.net/3_1_0/set1/en_us/img/cards/01DE014-full.png','Kudos Productions','','Slow','Set1','',2),('01DE015','Radiant Guardian',5,4,5,'When I\'m summoned, grant me Lifesteal and Tough if an ally died this round.',NULL,'Unit','http://dd.b.pvp.net/3_1_0/set1/en_us/img/cards/01DE015.png','http://dd.b.pvp.net/3_1_0/set1/en_us/img/cards/01DE015-full.png','SIXMOREVODKA','','','Set1','',2),('01DE016','Dauntless Vanguard',3,3,3,'',NULL,'Unit','http://dd.b.pvp.net/3_1_0/set1/en_us/img/cards/01DE016.png','http://dd.b.pvp.net/3_1_0/set1/en_us/img/cards/01DE016-full.png','SIXMOREVODKA','','','Set1','ELITE',5),('01DE017','Stand Alone',4,0,0,'If you have exactly 1 ally, grant it +3|+3.',NULL,'Spell','http://dd.b.pvp.net/3_1_0/set1/en_us/img/cards/01DE017.png','http://dd.b.pvp.net/3_1_0/set1/en_us/img/cards/01DE017-full.png','Kudos Productions','','Burst','Set1','',2),('01DE018','Radiant Strike',1,0,0,'Give an ally +1|+1 this round.',NULL,'Spell','http://dd.b.pvp.net/3_1_0/set1/en_us/img/cards/01DE018.png','http://dd.b.pvp.net/3_1_0/set1/en_us/img/cards/01DE018-full.png','Kudos Productions','','Burst','Set1','',1),('01DE019','Mobilize',3,0,0,'Reduce the cost of all allies in hand by 1.',NULL,'Spell','http://dd.b.pvp.net/3_1_0/set1/en_us/img/cards/01DE019.png','http://dd.b.pvp.net/3_1_0/set1/en_us/img/cards/01DE019-full.png','Kudos Productions','','Burst','Set1','',2),('01DE020','Vanguard Defender',2,2,2,'',NULL,'Unit','http://dd.b.pvp.net/3_1_0/set1/en_us/img/cards/01DE020.png','http://dd.b.pvp.net/3_1_0/set1/en_us/img/cards/01DE020-full.png','SIXMOREVODKA','','','Set1','ELITE',1),('01DE021','Relentless Pursuit',4,0,0,'\"Grant an ally +1|+1.\nRally.\"',NULL,'Spell','http://dd.b.pvp.net/3_1_0/set1/en_us/img/cards/01DE021.png','http://dd.b.pvp.net/3_1_0/set1/en_us/img/cards/01DE021-full.png','Max Grecke','','Slow','Set1','',1),('01DE022','Lucian',2,3,2,'',NULL,'Unit','http://dd.b.pvp.net/3_1_0/set1/en_us/img/cards/01DE022.png','http://dd.b.pvp.net/3_1_0/set1/en_us/img/cards/01DE022-full.png','SIXMOREVODKA','I\'ve seen 4+ allies or an allied Senna die.','','Set1','',4),('01DE022T1','Lucian',2,4,3,'Each round, the first time an ally dies, Rally.',NULL,'Unit','http://dd.b.pvp.net/3_1_0/set1/en_us/img/cards/01DE022T1.png','http://dd.b.pvp.net/3_1_0/set1/en_us/img/cards/01DE022T1-full.png','SIXMOREVODKA','','','Set1','',5),('01DE022T2','Lucian\'s Relentless Pursuit',4,0,0,'\"Grant an ally +1|+1.\nRally.\nCreate a Lucian in your deck.\"',NULL,'Spell','http://dd.b.pvp.net/3_1_0/set1/en_us/img/cards/01DE022T2.png','http://dd.b.pvp.net/3_1_0/set1/en_us/img/cards/01DE022T2-full.png','Max Grecke','','Slow','Set1','',5),('01DE023','Mageseeker Investigator',3,3,3,'Create a Detain in hand once you\'ve cast a 6+ cost spell this game.',NULL,'Unit','http://dd.b.pvp.net/3_1_0/set1/en_us/img/cards/01DE023.png','http://dd.b.pvp.net/3_1_0/set1/en_us/img/cards/01DE023-full.png','SIXMOREVODKA','','','Set1','',1),('01DE024','Mageseeker Conservator',1,1,1,'Last Breath: Create in hand a random 6+ cost spell from a region other than Demacia.',NULL,'Unit','http://dd.b.pvp.net/3_1_0/set1/en_us/img/cards/01DE024.png','http://dd.b.pvp.net/3_1_0/set1/en_us/img/cards/01DE024-full.png','SIXMOREVODKA','','','Set1','',1),('01DE025','Detain',5,0,0,'An ally Captures a unit.',NULL,'Spell','http://dd.b.pvp.net/3_1_0/set1/en_us/img/cards/01DE025.png','http://dd.b.pvp.net/3_1_0/set1/en_us/img/cards/01DE025-full.png','Rafael Zanchetin','','Fast','Set1','',1),('01DE026','Single Combat',2,0,0,'An ally and an enemy strike each other.',NULL,'Spell','http://dd.b.pvp.net/3_1_0/set1/en_us/img/cards/01DE026.png','http://dd.b.pvp.net/3_1_0/set1/en_us/img/cards/01DE026-full.png','Kudos Productions','','Fast','Set1','',1),('01DE027','En Garde',3,0,0,'Give all allies Challenger this round.',NULL,'Spell','http://dd.b.pvp.net/3_1_0/set1/en_us/img/cards/01DE027.png','http://dd.b.pvp.net/3_1_0/set1/en_us/img/cards/01DE027-full.png','Kudos Productions','','Burst','Set1','',2),('01DE028','Vanguard Cavalry',5,5,5,'',NULL,'Unit','http://dd.b.pvp.net/3_1_0/set1/en_us/img/cards/01DE028.png','http://dd.b.pvp.net/3_1_0/set1/en_us/img/cards/01DE028-full.png','SIXMOREVODKA','','','Set1','ELITE',1),('01DE029','Fleetfeather Tracker',1,2,1,'When you summon another ally, grant me Challenger.',NULL,'Unit','http://dd.b.pvp.net/3_1_0/set1/en_us/img/cards/01DE029.png','http://dd.b.pvp.net/3_1_0/set1/en_us/img/cards/01DE029-full.png','SIXMOREVODKA','','','Set1','',1),('01DE030','Silverwing Diver',4,2,3,'',NULL,'Unit','http://dd.b.pvp.net/3_1_0/set1/en_us/img/cards/01DE030.png','http://dd.b.pvp.net/3_1_0/set1/en_us/img/cards/01DE030-full.png','SIXMOREVODKA','','','Set1','',1),('01DE031','Dawnspeakers',3,1,4,'Round End: Grant other allies +1|+1 if an ally died this round.',NULL,'Unit','http://dd.b.pvp.net/3_1_0/set1/en_us/img/cards/01DE031.png','http://dd.b.pvp.net/3_1_0/set1/en_us/img/cards/01DE031-full.png','SIXMOREVODKA','','','Set1','',3),('01DE032','Prismatic Barrier',3,0,0,'Give an ally Barrier this round.',NULL,'Spell','http://dd.b.pvp.net/3_1_0/set1/en_us/img/cards/01DE032.png','http://dd.b.pvp.net/3_1_0/set1/en_us/img/cards/01DE032-full.png','Kudos Productions','','Burst','Set1','',1),('01DE033','Remembrance',6,0,0,'Costs 1 less for each ally that died this round. Summon a random 5 cost follower from Demacia.',NULL,'Spell','http://dd.b.pvp.net/3_1_0/set1/en_us/img/cards/01DE033.png','http://dd.b.pvp.net/3_1_0/set1/en_us/img/cards/01DE033-full.png','Original Force','','Slow','Set1','',2),('01DE034','Battlesmith',2,2,2,'When you summon an Elite, grant it +1|+1.',NULL,'Unit','http://dd.b.pvp.net/3_1_0/set1/en_us/img/cards/01DE034.png','http://dd.b.pvp.net/3_1_0/set1/en_us/img/cards/01DE034-full.png','SIXMOREVODKA','','','Set1','',2),('01DE035','For Demacia!',6,0,0,'Give all allies +3|+3 this round.',NULL,'Spell','http://dd.b.pvp.net/3_1_0/set1/en_us/img/cards/01DE035.png','http://dd.b.pvp.net/3_1_0/set1/en_us/img/cards/01DE035-full.png','Original Force','','Slow','Set1','',2),('01DE036','Vanguard Squire',4,3,3,'When you summon an Elite, reduce my cost by 1.',NULL,'Unit','http://dd.b.pvp.net/3_1_0/set1/en_us/img/cards/01DE036.png','http://dd.b.pvp.net/3_1_0/set1/en_us/img/cards/01DE036-full.png','SIXMOREVODKA','','','Set1','ELITE',1),('01DE037','Riposte',4,0,0,'Give an ally +3|+0 and Barrier this round.',NULL,'Spell','http://dd.b.pvp.net/3_1_0/set1/en_us/img/cards/01DE037.png','http://dd.b.pvp.net/3_1_0/set1/en_us/img/cards/01DE037-full.png','Kudos Productions','','Burst','Set1','',2),('01DE038','Senna, Sentinel of Light',3,4,2,'The first time an allied Lucian dies, grant me +1|+1 and Double Attack.',NULL,'Unit','http://dd.b.pvp.net/3_1_0/set1/en_us/img/cards/01DE038.png','http://dd.b.pvp.net/3_1_0/set1/en_us/img/cards/01DE038-full.png','SIXMOREVODKA','','','Set1','',2),('01DE039','Cithria of Cloudfield',1,2,2,'',NULL,'Unit','http://dd.b.pvp.net/3_1_0/set1/en_us/img/cards/01DE039.png','http://dd.b.pvp.net/3_1_0/set1/en_us/img/cards/01DE039-full.png','SIXMOREVODKA','','','Set1','ELITE',1),('01DE040','Mageseeker Persuader',2,3,2,'Grant me +1|+1 and Challenger once you\'ve cast a 6+ cost spell this game.',NULL,'Unit','http://dd.b.pvp.net/3_1_0/set1/en_us/img/cards/01DE040.png','http://dd.b.pvp.net/3_1_0/set1/en_us/img/cards/01DE040-full.png','SIXMOREVODKA','','','Set1','',2),('01DE041','Back to Back',6,0,0,'Give 2 allies +3|+3 this round.',NULL,'Spell','http://dd.b.pvp.net/3_1_0/set1/en_us/img/cards/01DE041.png','http://dd.b.pvp.net/3_1_0/set1/en_us/img/cards/01DE041-full.png','Kudos Productions','','Burst','Set1','',2),('01DE042','Lux',5,3,5,'',NULL,'Unit','http://dd.b.pvp.net/3_1_0/set1/en_us/img/cards/01DE042.png','http://dd.b.pvp.net/3_1_0/set1/en_us/img/cards/01DE042-full.png','SIXMOREVODKA','I\'ve seen you cast 6+ mana of spells. When I level up, create a Final Spark in hand.','','Set1','',4),('01DE042T1','Lux\'s Prismatic Barrier',3,0,0,'\"Give an ally Barrier this round.\nCreate a Lux in your deck.\"',NULL,'Spell','http://dd.b.pvp.net/3_1_0/set1/en_us/img/cards/01DE042T1.png','http://dd.b.pvp.net/3_1_0/set1/en_us/img/cards/01DE042T1-full.png','Kudos Productions','','Burst','Set1','',5),('01DE042T2','Lux',5,4,6,'When you cast 6+ mana of spells, create a Final Spark in hand. ',NULL,'Unit','http://dd.b.pvp.net/3_1_0/set1/en_us/img/cards/01DE042T2.png','http://dd.b.pvp.net/3_1_0/set1/en_us/img/cards/01DE042T2-full.png','SIXMOREVODKA','','','Set1','',5),('01DE042T3','Final Spark',0,0,0,'Deal 4 to an enemy. If there are no enemies, deal 4 to the enemy Nexus instead.',NULL,'Spell','http://dd.b.pvp.net/3_1_0/set1/en_us/img/cards/01DE042T3.png','http://dd.b.pvp.net/3_1_0/set1/en_us/img/cards/01DE042T3-full.png','Kudos Productions','','Slow','Set1','',5),('01DE043','War Chefs',2,2,2,'Support: Give my supported ally +1|+1 this round.',NULL,'Unit','http://dd.b.pvp.net/3_1_0/set1/en_us/img/cards/01DE043.png','http://dd.b.pvp.net/3_1_0/set1/en_us/img/cards/01DE043-full.png','SIXMOREVODKA','','','Set1','',1),('01DE044','Redoubled Valor',6,0,0,'Fully heal an ally, then double its Power and Health.',NULL,'Spell','http://dd.b.pvp.net/3_1_0/set1/en_us/img/cards/01DE044.png','http://dd.b.pvp.net/3_1_0/set1/en_us/img/cards/01DE044-full.png','Rafael Zanchetin','','Slow','Set1','',2),('01DE045','Fiora',3,3,2,'',NULL,'Unit','http://dd.b.pvp.net/3_1_0/set1/en_us/img/cards/01DE045.png','http://dd.b.pvp.net/3_1_0/set1/en_us/img/cards/01DE045-full.png','SIXMOREVODKA','I\'ve killed 2 enemies.','','Set1','',4),('01DE045T1','Fiora',3,4,3,'When I\'ve killed 4 enemies and survived, you win the game. ',NULL,'Unit','http://dd.b.pvp.net/3_1_0/set1/en_us/img/cards/01DE045T1.png','http://dd.b.pvp.net/3_1_0/set1/en_us/img/cards/01DE045T1-full.png','SIXMOREVODKA','','','Set1','',5),('01DE045T2','Fiora\'s Riposte',4,0,0,'\"Give an ally +3|+0 and Barrier this round.\nCreate a Fiora in your deck.\"',NULL,'Spell','http://dd.b.pvp.net/3_1_0/set1/en_us/img/cards/01DE045T2.png','http://dd.b.pvp.net/3_1_0/set1/en_us/img/cards/01DE045T2-full.png','Kudos Productions','','Burst','Set1','',5),('01DE046','Vanguard Lookout',2,1,4,'',NULL,'Unit','http://dd.b.pvp.net/3_1_0/set1/en_us/img/cards/01DE046.png','http://dd.b.pvp.net/3_1_0/set1/en_us/img/cards/01DE046-full.png','SIXMOREVODKA','','','Set1','ELITE',1),('01DE047','Succession',3,0,0,'Summon a Dauntless Vanguard.',NULL,'Spell','http://dd.b.pvp.net/3_1_0/set1/en_us/img/cards/01DE047.png','http://dd.b.pvp.net/3_1_0/set1/en_us/img/cards/01DE047-full.png','Kudos Productions','','Slow','Set1','',1),('01DE048','Mageseeker Inciter',4,4,4,'Grant me +2|+2 once you\'ve cast a 6+ cost spell this game.',NULL,'Unit','http://dd.b.pvp.net/3_1_0/set1/en_us/img/cards/01DE048.png','http://dd.b.pvp.net/3_1_0/set1/en_us/img/cards/01DE048-full.png','SIXMOREVODKA','','','Set1','',2),('01DE049','Plucky Poro',1,1,1,'',NULL,'Unit','http://dd.b.pvp.net/3_1_0/set1/en_us/img/cards/01DE049.png','http://dd.b.pvp.net/3_1_0/set1/en_us/img/cards/01DE049-full.png','SIXMOREVODKA','','','Set1','PORO',1),('01DE050','Purify',2,0,0,'Silence a follower.',NULL,'Spell','http://dd.b.pvp.net/3_1_0/set1/en_us/img/cards/01DE050.png','http://dd.b.pvp.net/3_1_0/set1/en_us/img/cards/01DE050-full.png','Kudos Productions','','Burst','Set1','',1),('01DE051','Cithria the Bold',6,6,6,'Attack: Give other attacking allies +1|+1 and Fearsome this round.',NULL,'Unit','http://dd.b.pvp.net/3_1_0/set1/en_us/img/cards/01DE051.png','http://dd.b.pvp.net/3_1_0/set1/en_us/img/cards/01DE051-full.png','SIXMOREVODKA','','','Set1','ELITE',3),('01DE052','Brightsteel Formation',9,9,9,'When I\'m summoned or Attack: Give all allies Barrier this round.',NULL,'Unit','http://dd.b.pvp.net/3_1_0/set1/en_us/img/cards/01DE052.png','http://dd.b.pvp.net/3_1_0/set1/en_us/img/cards/01DE052-full.png','SIXMOREVODKA','','','Set1','',3),('01DE053','Laurent Chevalier',4,3,2,'Strike: Create in hand another random Challenger follower from your regions.',NULL,'Unit','http://dd.b.pvp.net/3_1_0/set1/en_us/img/cards/01DE053.png','http://dd.b.pvp.net/3_1_0/set1/en_us/img/cards/01DE053-full.png','SIXMOREVODKA','','','Set1','',3),('01DE054','Vanguard Redeemer',3,3,3,'When I\'m summoned, draw a unit if an ally died this round.',NULL,'Unit','http://dd.b.pvp.net/3_1_0/set1/en_us/img/cards/01DE054.png','http://dd.b.pvp.net/3_1_0/set1/en_us/img/cards/01DE054-full.png','SIXMOREVODKA','','','Set1','ELITE',1),('01DE055','Laurent Duelist',3,4,2,'Play: Give an ally Challenger this round.',NULL,'Unit','http://dd.b.pvp.net/3_1_0/set1/en_us/img/cards/01DE055.png','http://dd.b.pvp.net/3_1_0/set1/en_us/img/cards/01DE055-full.png','JiHun Lee','','','Set1','',1),('01DE056','Vanguard Firstblade',4,2,2,'Attack: Grant me +2|+2.',NULL,'Unit','http://dd.b.pvp.net/3_1_0/set1/en_us/img/cards/01DE056.png','http://dd.b.pvp.net/3_1_0/set1/en_us/img/cards/01DE056-full.png','SIXMOREVODKA','','','Set1','ELITE',1),('01FR001','Flash Freeze',3,0,0,'Frostbite an enemy.',NULL,'Spell','http://dd.b.pvp.net/3_1_0/set1/en_us/img/cards/01FR001.png','http://dd.b.pvp.net/3_1_0/set1/en_us/img/cards/01FR001-full.png','SIXMOREVODKA','','Burst','Set1','',2),('01FR003','Avarosan Sentry',2,2,1,'Last Breath: Draw 1.',NULL,'Unit','http://dd.b.pvp.net/3_1_0/set1/en_us/img/cards/01FR003.png','http://dd.b.pvp.net/3_1_0/set1/en_us/img/cards/01FR003-full.png','SIXMOREVODKA','','','Set1','',1),('01FR004','Elixir of Iron',1,0,0,'Give an ally +0|+2 this round.',NULL,'Spell','http://dd.b.pvp.net/3_1_0/set1/en_us/img/cards/01FR004.png','http://dd.b.pvp.net/3_1_0/set1/en_us/img/cards/01FR004-full.png','SIXMOREVODKA','','Burst','Set1','',1),('01FR005','Battle Fury',8,0,0,'Grant an ally +8|+4.',NULL,'Spell','http://dd.b.pvp.net/3_1_0/set1/en_us/img/cards/01FR005.png','http://dd.b.pvp.net/3_1_0/set1/en_us/img/cards/01FR005-full.png','SIXMOREVODKA','','Burst','Set1','',2),('01FR006','Iceborn Legacy',5,0,0,'Grant an ally and all allied copies of it everywhere +2|+2.',NULL,'Spell','http://dd.b.pvp.net/3_1_0/set1/en_us/img/cards/01FR006.png','http://dd.b.pvp.net/3_1_0/set1/en_us/img/cards/01FR006-full.png','SIXMOREVODKA','','Burst','Set1','',1),('01FR007','Babbling Bjerg',4,3,3,'When I\'m summoned, draw a unit with 5+ Power.',NULL,'Unit','http://dd.b.pvp.net/3_1_0/set1/en_us/img/cards/01FR007.png','http://dd.b.pvp.net/3_1_0/set1/en_us/img/cards/01FR007-full.png','SIXMOREVODKA','','','Set1','',1),('01FR008','Lonely Poro',1,1,1,'When I\'m summoned, create another random 1 cost Poro in hand.',NULL,'Unit','http://dd.b.pvp.net/3_1_0/set1/en_us/img/cards/01FR008.png','http://dd.b.pvp.net/3_1_0/set1/en_us/img/cards/01FR008-full.png','SIXMOREVODKA','','','Set1','PORO',1),('01FR008T1','Jubilant Poro',1,1,1,'When I\'m summoned, create another random 1 cost Poro in hand.',NULL,'Unit','http://dd.b.pvp.net/3_1_0/set1/en_us/img/cards/01FR008T1.png','http://dd.b.pvp.net/3_1_0/set1/en_us/img/cards/01FR008T1-full.png','SIXMOREVODKA','','','Set1','PORO',5),('01FR009','Braum',4,0,6,'The first time I survive damage, summon a Mighty Poro.',NULL,'Unit','http://dd.b.pvp.net/3_1_0/set1/en_us/img/cards/01FR009.png','http://dd.b.pvp.net/3_1_0/set1/en_us/img/cards/01FR009-full.png','SIXMOREVODKA','I\'ve survived 10 total damage.','','Set1','',4),('01FR009T1','Braum',4,1,7,'When I survive damage, summon a Mighty Poro.',NULL,'Unit','http://dd.b.pvp.net/3_1_0/set1/en_us/img/cards/01FR009T1.png','http://dd.b.pvp.net/3_1_0/set1/en_us/img/cards/01FR009T1-full.png','SIXMOREVODKA','','','Set1','',5),('01FR009T2','Braum\'s Take Heart',3,0,0,'\"Grant a damaged ally +3|+3.\nCreate a Braum in your deck.\"',NULL,'Spell','http://dd.b.pvp.net/3_1_0/set1/en_us/img/cards/01FR009T2.png','http://dd.b.pvp.net/3_1_0/set1/en_us/img/cards/01FR009T2-full.png','SIXMOREVODKA','','Burst','Set1','',5),('01FR010','Bloodsworn Pledge',4,0,0,'Grant 2 allies +0|+3.',NULL,'Spell','http://dd.b.pvp.net/3_1_0/set1/en_us/img/cards/01FR010.png','http://dd.b.pvp.net/3_1_0/set1/en_us/img/cards/01FR010-full.png','SIXMOREVODKA','','Burst','Set1','',2),('01FR011','Icevale Archer',2,3,1,'Play: Frostbite an enemy.',NULL,'Unit','http://dd.b.pvp.net/3_1_0/set1/en_us/img/cards/01FR011.png','http://dd.b.pvp.net/3_1_0/set1/en_us/img/cards/01FR011-full.png','SIXMOREVODKA','','','Set1','',1),('01FR012','Catalyst of Aeons',5,0,0,'Get an empty mana gem and heal your Nexus 3.',NULL,'Spell','http://dd.b.pvp.net/3_1_0/set1/en_us/img/cards/01FR012.png','http://dd.b.pvp.net/3_1_0/set1/en_us/img/cards/01FR012-full.png','Kudos Productions','','Burst','Set1','',1),('01FR013','Scarmother Vrynna',6,3,8,'When I survive damage, grant me +3|+0.',NULL,'Unit','http://dd.b.pvp.net/3_1_0/set1/en_us/img/cards/01FR013.png','http://dd.b.pvp.net/3_1_0/set1/en_us/img/cards/01FR013-full.png','SIXMOREVODKA','','','Set1','',3),('01FR014','Yeti Yearling',1,1,2,'Last Breath: Create 2 Enraged Yetis in your deck.',NULL,'Unit','http://dd.b.pvp.net/3_1_0/set1/en_us/img/cards/01FR014.png','http://dd.b.pvp.net/3_1_0/set1/en_us/img/cards/01FR014-full.png','SIXMOREVODKA','','','Set1','YETI',1),('01FR016','Poro Snax',3,0,0,'Grant Poro allies everywhere +1|+1.',NULL,'Spell','http://dd.b.pvp.net/3_1_0/set1/en_us/img/cards/01FR016.png','http://dd.b.pvp.net/3_1_0/set1/en_us/img/cards/01FR016-full.png','SIXMOREVODKA','','Burst','Set1','',1),('01FR017','Troop of Elnuks',5,3,3,'Play: For the top 6 cards in your deck, summon each Elnuk and shuffle the rest into your deck.',NULL,'Unit','http://dd.b.pvp.net/3_1_0/set1/en_us/img/cards/01FR017.png','http://dd.b.pvp.net/3_1_0/set1/en_us/img/cards/01FR017-full.png','SIXMOREVODKA','','','Set1','ELNUK',1),('01FR018','Rimefang Wolf',3,3,2,'Strike: If I struck a unit with 0 Power, kill it.',NULL,'Unit','http://dd.b.pvp.net/3_1_0/set1/en_us/img/cards/01FR018.png','http://dd.b.pvp.net/3_1_0/set1/en_us/img/cards/01FR018-full.png','SIXMOREVODKA','','','Set1','',2),('01FR019','Winter\'s Breath',7,0,0,'Kill all enemies with 0 Power, then Frostbite all enemies.',NULL,'Spell','http://dd.b.pvp.net/3_1_0/set1/en_us/img/cards/01FR019.png','http://dd.b.pvp.net/3_1_0/set1/en_us/img/cards/01FR019-full.png','SIXMOREVODKA','','Slow','Set1','',3),('01FR020','Avalanche',4,0,0,'Deal 2 to ALL units.',NULL,'Spell','http://dd.b.pvp.net/3_1_0/set1/en_us/img/cards/01FR020.png','http://dd.b.pvp.net/3_1_0/set1/en_us/img/cards/01FR020-full.png','SIXMOREVODKA','','Slow','Set1','',2),('01FR021','Tarkaz the Tribeless',5,5,8,'Attack: Deal 1 to ALL battling units.',NULL,'Unit','http://dd.b.pvp.net/3_1_0/set1/en_us/img/cards/01FR021.png','http://dd.b.pvp.net/3_1_0/set1/en_us/img/cards/01FR021-full.png','SIXMOREVODKA','','','Set1','',3),('01FR021T1','Tarkaz\'s Fury',0,0,0,'Deal 1 to ALL battling units.',NULL,'Ability','http://dd.b.pvp.net/3_1_0/set1/en_us/img/cards/01FR021T1.png','http://dd.b.pvp.net/3_1_0/set1/en_us/img/cards/01FR021T1-full.png','Max Grecke','','','Set1','',5),('01FR022','Omen Hawk',1,1,1,'When I\'m summoned, grant the top 2 allies in your deck +1|+1.',NULL,'Unit','http://dd.b.pvp.net/3_1_0/set1/en_us/img/cards/01FR022.png','http://dd.b.pvp.net/3_1_0/set1/en_us/img/cards/01FR022-full.png','SIXMOREVODKA','','','Set1','',1),('01FR023','Warmother\'s Call',12,0,0,'Summon the top ally from your deck now and EACH Round Start.',NULL,'Spell','http://dd.b.pvp.net/3_1_0/set1/en_us/img/cards/01FR023.png','http://dd.b.pvp.net/3_1_0/set1/en_us/img/cards/01FR023-full.png','SIXMOREVODKA','','Slow','Set1','',3),('01FR024','Anivia',6,3,5,'\"Attack: Deal 1 to all enemies and the enemy Nexus.\nLast Breath: Revive me transformed into Eggnivia.\"',NULL,'Unit','http://dd.b.pvp.net/3_1_0/set1/en_us/img/cards/01FR024.png','http://dd.b.pvp.net/3_1_0/set1/en_us/img/cards/01FR024-full.png','SIXMOREVODKA','You\'re Enlightened.','','Set1','',4),('01FR024T1','Anivia\'s Harsh Winds',6,0,0,'\"Frostbite 2 enemies.\nCreate an Anivia in your deck.\"',NULL,'Spell','http://dd.b.pvp.net/3_1_0/set1/en_us/img/cards/01FR024T1.png','http://dd.b.pvp.net/3_1_0/set1/en_us/img/cards/01FR024T1-full.png','Kudos Productions','','Burst','Set1','',5),('01FR024T2','Glacial Storm',0,0,0,'Deal 1 to all enemies and the enemy Nexus.',NULL,'Ability','http://dd.b.pvp.net/3_1_0/set1/en_us/img/cards/01FR024T2.png','http://dd.b.pvp.net/3_1_0/set1/en_us/img/cards/01FR024T2-full.png','SIXMOREVODKA','','','Set1','',5),('01FR024T3','Anivia',6,4,6,'\"Attack: Deal 2 to all enemies and the enemy Nexus.\nLast Breath: Revive me transformed into Eggnivia.\"',NULL,'Unit','http://dd.b.pvp.net/3_1_0/set1/en_us/img/cards/01FR024T3.png','http://dd.b.pvp.net/3_1_0/set1/en_us/img/cards/01FR024T3-full.png','SIXMOREVODKA','','','Set1','',5),('01FR024T4','Eggnivia',1,0,1,'',NULL,'Unit','http://dd.b.pvp.net/3_1_0/set1/en_us/img/cards/01FR024T4.png','http://dd.b.pvp.net/3_1_0/set1/en_us/img/cards/01FR024T4-full.png','SIXMOREVODKA','Round Start: If you\'re Enlightened, transform me back into Anivia and Level Up.','','Set1','',5),('01FR024T5','Glacial Storm',0,0,0,'Deal 2 to all enemies and the enemy Nexus.',NULL,'Ability','http://dd.b.pvp.net/3_1_0/set1/en_us/img/cards/01FR024T5.png','http://dd.b.pvp.net/3_1_0/set1/en_us/img/cards/01FR024T5-full.png','SIXMOREVODKA','','','Set1','',5),('01FR025','Poro Herder',2,2,3,'When I\'m summoned, draw a Poro if you Behold a Poro.',NULL,'Unit','http://dd.b.pvp.net/3_1_0/set1/en_us/img/cards/01FR025.png','http://dd.b.pvp.net/3_1_0/set1/en_us/img/cards/01FR025-full.png','SIXMOREVODKA','','','Set1','',2),('01FR026','Alpha Wildclaw',6,7,6,'',NULL,'Unit','http://dd.b.pvp.net/3_1_0/set1/en_us/img/cards/01FR026.png','http://dd.b.pvp.net/3_1_0/set1/en_us/img/cards/01FR026-full.png','SIXMOREVODKA','','','Set1','',1),('01FR027','Bull Elnuk',4,4,5,'',NULL,'Unit','http://dd.b.pvp.net/3_1_0/set1/en_us/img/cards/01FR027.png','http://dd.b.pvp.net/3_1_0/set1/en_us/img/cards/01FR027-full.png','SIXMOREVODKA','','','Set1','ELNUK',1),('01FR028','Enraged Yeti',1,5,5,'',NULL,'Unit','http://dd.b.pvp.net/3_1_0/set1/en_us/img/cards/01FR028.png','http://dd.b.pvp.net/3_1_0/set1/en_us/img/cards/01FR028-full.png','SIXMOREVODKA','','','Set1','YETI',5),('01FR029','Entreat',2,0,0,'Draw a 4.',NULL,'Spell','http://dd.b.pvp.net/3_1_0/set1/en_us/img/cards/01FR029.png','http://dd.b.pvp.net/3_1_0/set1/en_us/img/cards/01FR029-full.png','SIXMOREVODKA','','Burst','Set1','',2),('01FR030','Brittle Steel',1,0,0,'Frostbite an enemy with 3 or less Health.',NULL,'Spell','http://dd.b.pvp.net/3_1_0/set1/en_us/img/cards/01FR030.png','http://dd.b.pvp.net/3_1_0/set1/en_us/img/cards/01FR030-full.png','SIXMOREVODKA','','Burst','Set1','',1),('01FR031','Ancient Yeti',7,5,5,'Round End: Reduce my cost by 1.',NULL,'Unit','http://dd.b.pvp.net/3_1_0/set1/en_us/img/cards/01FR031.png','http://dd.b.pvp.net/3_1_0/set1/en_us/img/cards/01FR031-full.png','SIXMOREVODKA','','','Set1','YETI',2),('01FR032','Starlit Seer',2,2,3,'When you cast a spell, grant the top ally in your deck +1|+1.',NULL,'Unit','http://dd.b.pvp.net/3_1_0/set1/en_us/img/cards/01FR032.png','http://dd.b.pvp.net/3_1_0/set1/en_us/img/cards/01FR032-full.png','SIXMOREVODKA','','','Set1','',2),('01FR033','Wyrding Stones',3,0,3,'Round Start: Get an extra mana gem this round.',NULL,'Unit','http://dd.b.pvp.net/3_1_0/set1/en_us/img/cards/01FR033.png','http://dd.b.pvp.net/3_1_0/set1/en_us/img/cards/01FR033-full.png','SIXMOREVODKA','','','Set1','',1),('01FR034','They Who Endure',7,1,1,'When I\'m summoned, grant me +1|+1 for each ally that has died. ',NULL,'Unit','http://dd.b.pvp.net/3_1_0/set1/en_us/img/cards/01FR034.png','http://dd.b.pvp.net/3_1_0/set1/en_us/img/cards/01FR034-full.png','SIXMOREVODKA','','','Set1','',2),('01FR035','Unscarred Reaver',1,0,3,'When I survive damage, grant me +3|+0.',NULL,'Unit','http://dd.b.pvp.net/3_1_0/set1/en_us/img/cards/01FR035.png','http://dd.b.pvp.net/3_1_0/set1/en_us/img/cards/01FR035-full.png','SIXMOREVODKA','','','Set1','',1),('01FR036','Avarosan Marksman',3,3,1,'Play: Deal 1 to an enemy.',NULL,'Unit','http://dd.b.pvp.net/3_1_0/set1/en_us/img/cards/01FR036.png','http://dd.b.pvp.net/3_1_0/set1/en_us/img/cards/01FR036-full.png','SIXMOREVODKA','','','Set1','',1),('01FR036T1','Bullseye',0,0,0,'Deal 1 to an enemy.',NULL,'Ability','http://dd.b.pvp.net/3_1_0/set1/en_us/img/cards/01FR036T1.png','http://dd.b.pvp.net/3_1_0/set1/en_us/img/cards/01FR036T1-full.png','Max Grecke','','','Set1','',5),('01FR037','Avarosan Outriders',4,3,3,'Allegiance: Grant the top ally in your deck +3|+3 and Overwhelm.',NULL,'Unit','http://dd.b.pvp.net/3_1_0/set1/en_us/img/cards/01FR037.png','http://dd.b.pvp.net/3_1_0/set1/en_us/img/cards/01FR037-full.png','SIXMOREVODKA','','','Set1','',2),('01FR038','Ashe',4,5,3,'Attack: Frostbite the strongest enemy.',NULL,'Unit','http://dd.b.pvp.net/3_1_0/set1/en_us/img/cards/01FR038.png','http://dd.b.pvp.net/3_1_0/set1/en_us/img/cards/01FR038-full.png','SIXMOREVODKA','You Frostbite 4+ enemies. When I level up, create a Crystal Arrow on top of deck.','','Set1','',4),('01FR038T1','Ashe\'s Flash Freeze',3,0,0,'\"Frostbite an enemy.\nCreate an Ashe in your deck.\"',NULL,'Spell','http://dd.b.pvp.net/3_1_0/set1/en_us/img/cards/01FR038T1.png','http://dd.b.pvp.net/3_1_0/set1/en_us/img/cards/01FR038T1-full.png','SIXMOREVODKA','','Burst','Set1','',5),('01FR038T2','Ashe',4,6,4,'\"Attack: Frostbite the strongest enemy.\nEnemies with 0 Power can\'t block.\"',NULL,'Unit','http://dd.b.pvp.net/3_1_0/set1/en_us/img/cards/01FR038T2.png','http://dd.b.pvp.net/3_1_0/set1/en_us/img/cards/01FR038T2-full.png','SIXMOREVODKA','','','Set1','',5),('01FR038T3','Crystal Arrow',2,0,0,'Frostbite an enemy and all other enemies with 3 or less Health. Draw 1.',NULL,'Spell','http://dd.b.pvp.net/3_1_0/set1/en_us/img/cards/01FR038T3.png','http://dd.b.pvp.net/3_1_0/set1/en_us/img/cards/01FR038T3-full.png','SIXMOREVODKA','','Slow','Set1','',5),('01FR039','Tryndamere',8,8,4,'',NULL,'Unit','http://dd.b.pvp.net/3_1_0/set1/en_us/img/cards/01FR039.png','http://dd.b.pvp.net/3_1_0/set1/en_us/img/cards/01FR039-full.png','SIXMOREVODKA','If I would die, I Level Up instead.','','Set1','',4),('01FR039T1','Tryndamere\'s Battle Fury',8,0,0,'\"Grant an ally +8|+4.\nCreate a Tryndamere in your deck.\"',NULL,'Spell','http://dd.b.pvp.net/3_1_0/set1/en_us/img/cards/01FR039T1.png','http://dd.b.pvp.net/3_1_0/set1/en_us/img/cards/01FR039T1-full.png','SIXMOREVODKA','','Burst','Set1','',5),('01FR039T2','Tryndamere',8,9,9,'',NULL,'Unit','http://dd.b.pvp.net/3_1_0/set1/en_us/img/cards/01FR039T2.png','http://dd.b.pvp.net/3_1_0/set1/en_us/img/cards/01FR039T2-full.png','SIXMOREVODKA','','','Set1','',5),('01FR040','Rimetusk Shaman',5,3,4,'Round Start: Frostbite the strongest enemy.',NULL,'Unit','http://dd.b.pvp.net/3_1_0/set1/en_us/img/cards/01FR040.png','http://dd.b.pvp.net/3_1_0/set1/en_us/img/cards/01FR040-full.png','SIXMOREVODKA','','','Set1','',2),('01FR041','Avarosan Hearthguard ',5,5,5,'When I\'m summoned, grant all allies in your deck +1|+1.',NULL,'Unit','http://dd.b.pvp.net/3_1_0/set1/en_us/img/cards/01FR041.png','http://dd.b.pvp.net/3_1_0/set1/en_us/img/cards/01FR041-full.png','SIXMOREVODKA','','','Set1','',3),('01FR042','Harsh Winds',6,0,0,'Frostbite 2 enemies. ',NULL,'Spell','http://dd.b.pvp.net/3_1_0/set1/en_us/img/cards/01FR042.png','http://dd.b.pvp.net/3_1_0/set1/en_us/img/cards/01FR042-full.png','Kudos Productions','','Burst','Set1','',2),('01FR043','Heart of the Fluft',6,4,4,'Play: Combine all of our Poros into a Fluft of Poros, it gains their stats and keywords.',NULL,'Unit','http://dd.b.pvp.net/3_1_0/set1/en_us/img/cards/01FR043.png','http://dd.b.pvp.net/3_1_0/set1/en_us/img/cards/01FR043-full.png','SIXMOREVODKA','','','Set1','PORO',2),('01FR043T1','Fluft of Poros',6,4,4,'Last Breath: Summon a Heart of the Fluft.',NULL,'Unit','http://dd.b.pvp.net/3_1_0/set1/en_us/img/cards/01FR043T1.png','http://dd.b.pvp.net/3_1_0/set1/en_us/img/cards/01FR043T1-full.png','SIXMOREVODKA','','','Set1','PORO',5),('01FR045','Scarthane Steffen',3,2,4,'When I survive damage, grant me +3|+0.',NULL,'Unit','http://dd.b.pvp.net/3_1_0/set1/en_us/img/cards/01FR045.png','http://dd.b.pvp.net/3_1_0/set1/en_us/img/cards/01FR045-full.png','SIXMOREVODKA','','','Set1','',1),('01FR046','Take Heart',3,0,0,'Grant a damaged ally +3|+3.',NULL,'Spell','http://dd.b.pvp.net/3_1_0/set1/en_us/img/cards/01FR046.png','http://dd.b.pvp.net/3_1_0/set1/en_us/img/cards/01FR046-full.png','SIXMOREVODKA','','Burst','Set1','',2),('01FR047','Feral Mystic',2,2,2,'Enlightened: I have +4|+4.',NULL,'Unit','http://dd.b.pvp.net/3_1_0/set1/en_us/img/cards/01FR047.png','http://dd.b.pvp.net/3_1_0/set1/en_us/img/cards/01FR047-full.png','SIXMOREVODKA','','','Set1','',1),('01FR048','Avarosan Trapper',3,3,3,'When I\'m summoned, create an Enraged Yeti in the top 3 cards of your deck.',NULL,'Unit','http://dd.b.pvp.net/3_1_0/set1/en_us/img/cards/01FR048.png','http://dd.b.pvp.net/3_1_0/set1/en_us/img/cards/01FR048-full.png','SIXMOREVODKA','','','Set1','',1),('01FR049','Stalking Wolf',2,3,2,'When I\'m summoned, the enemy summons a Snow Hare.',NULL,'Unit','http://dd.b.pvp.net/3_1_0/set1/en_us/img/cards/01FR049.png','http://dd.b.pvp.net/3_1_0/set1/en_us/img/cards/01FR049-full.png','SIXMOREVODKA','','','Set1','',1),('01FR049T1','Snow Hare',1,1,1,'',NULL,'Unit','http://dd.b.pvp.net/3_1_0/set1/en_us/img/cards/01FR049T1.png','http://dd.b.pvp.net/3_1_0/set1/en_us/img/cards/01FR049T1-full.png','SIXMOREVODKA','','','Set1','',5),('01FR050','Kindly Tavernkeeper',3,3,3,'Play: Heal an ally or your Nexus 3.',NULL,'Unit','http://dd.b.pvp.net/3_1_0/set1/en_us/img/cards/01FR050.png','http://dd.b.pvp.net/3_1_0/set1/en_us/img/cards/01FR050-full.png','SIXMOREVODKA','','','Set1','',1),('01FR051','Tall Tales',3,0,0,'If you have a Yeti, summon an Enraged Yeti. Otherwise, create it on top of your deck.',NULL,'Spell','http://dd.b.pvp.net/3_1_0/set1/en_us/img/cards/01FR051.png','http://dd.b.pvp.net/3_1_0/set1/en_us/img/cards/01FR051-full.png','SIXMOREVODKA','','Slow','Set1','',1),('01FR052','She Who Wanders',10,10,10,'Play: Obliterate ALL followers with 4 or less Power in play and in hands.',NULL,'Unit','http://dd.b.pvp.net/3_1_0/set1/en_us/img/cards/01FR052.png','http://dd.b.pvp.net/3_1_0/set1/en_us/img/cards/01FR052-full.png','SIXMOREVODKA','','','Set1','',3),('01FR052T1','Balesight',0,0,0,'Obliterate ALL followers with 4 or less Power in play and in hands.',NULL,'Ability','http://dd.b.pvp.net/3_1_0/set1/en_us/img/cards/01FR052T1.png','http://dd.b.pvp.net/3_1_0/set1/en_us/img/cards/01FR052T1-full.png','Max Grecke','','','Set1','',5),('01FR053','Mighty Poro',3,3,3,'',NULL,'Unit','http://dd.b.pvp.net/3_1_0/set1/en_us/img/cards/01FR053.png','http://dd.b.pvp.net/3_1_0/set1/en_us/img/cards/01FR053-full.png','SIXMOREVODKA','','','Set1','PORO',1),('01FR054','Scarmaiden Reaver',5,4,5,'',NULL,'Unit','http://dd.b.pvp.net/3_1_0/set1/en_us/img/cards/01FR054.png','http://dd.b.pvp.net/3_1_0/set1/en_us/img/cards/01FR054-full.png','SIXMOREVODKA','','','Set1','',2),('01FR055','Shatter',2,0,0,'Deal 4 to an enemy if it has 0 Power. Otherwise, Frostbite it.',NULL,'Spell','http://dd.b.pvp.net/3_1_0/set1/en_us/img/cards/01FR055.png','http://dd.b.pvp.net/3_1_0/set1/en_us/img/cards/01FR055-full.png','Kudos Productions','','Slow','Set1','',1),('01FR056','Icy Yeti',7,5,5,'When I\'m summoned, Frostbite enemies with 3 or less Health.',NULL,'Unit','http://dd.b.pvp.net/3_1_0/set1/en_us/img/cards/01FR056.png','http://dd.b.pvp.net/3_1_0/set1/en_us/img/cards/01FR056-full.png','JiHun Lee','','','Set1','YETI',2),('01FR057','Pack Mentality',7,0,0,'Give all allies +2|+2 and Overwhelm this round.',NULL,'Spell','http://dd.b.pvp.net/3_1_0/set1/en_us/img/cards/01FR057.png','http://dd.b.pvp.net/3_1_0/set1/en_us/img/cards/01FR057-full.png','Kudos Productions','','Slow','Set1','',2),('01IO001','Ritual of Renewal',7,0,0,'Heal an ally or your Nexus 7. Draw 1.',NULL,'Spell','http://dd.b.pvp.net/3_1_0/set1/en_us/img/cards/01IO001.png','http://dd.b.pvp.net/3_1_0/set1/en_us/img/cards/01IO001-full.png','Kudos Productions','','Slow','Set1','',2),('01IO002','Will of Ionia',4,0,0,'Recall a unit.',NULL,'Spell','http://dd.b.pvp.net/3_1_0/set1/en_us/img/cards/01IO002.png','http://dd.b.pvp.net/3_1_0/set1/en_us/img/cards/01IO002-full.png','Max Grecke','','Fast','Set1','',1),('01IO003','Death Mark',3,0,0,'Remove Ephemeral from an ally to grant it to an enemy.',NULL,'Spell','http://dd.b.pvp.net/3_1_0/set1/en_us/img/cards/01IO003.png','http://dd.b.pvp.net/3_1_0/set1/en_us/img/cards/01IO003-full.png','Kudos Productions','','Fast','Set1','',2),('01IO004','Health Potion',1,0,0,'Heal an ally or your Nexus 3.',NULL,'Spell','http://dd.b.pvp.net/3_1_0/set1/en_us/img/cards/01IO004.png','http://dd.b.pvp.net/3_1_0/set1/en_us/img/cards/01IO004-full.png','Kudos Productions','','Burst','Set1','',1),('01IO005','Nimble Poro',1,1,1,'',NULL,'Unit','http://dd.b.pvp.net/3_1_0/set1/en_us/img/cards/01IO005.png','http://dd.b.pvp.net/3_1_0/set1/en_us/img/cards/01IO005-full.png','SIXMOREVODKA','','','Set1','PORO',1),('01IO006','Greenglade Duo',2,2,1,'When you summon an ally, give me +1|+0 this round.',NULL,'Unit','http://dd.b.pvp.net/3_1_0/set1/en_us/img/cards/01IO006.png','http://dd.b.pvp.net/3_1_0/set1/en_us/img/cards/01IO006-full.png','SIXMOREVODKA','','','Set1','',2),('01IO007','Ren Shadowblade',4,4,3,'Strike: Create a Shadow Fiend in hand.',NULL,'Unit','http://dd.b.pvp.net/3_1_0/set1/en_us/img/cards/01IO007.png','http://dd.b.pvp.net/3_1_0/set1/en_us/img/cards/01IO007-full.png','SIXMOREVODKA','','','Set1','',3),('01IO008','Fae Bladetwirler',2,1,3,'When you Stun or Recall a unit, grant me +2|+0.',NULL,'Unit','http://dd.b.pvp.net/3_1_0/set1/en_us/img/cards/01IO008.png','http://dd.b.pvp.net/3_1_0/set1/en_us/img/cards/01IO008-full.png','SIXMOREVODKA','','','Set1','YORDLE',2),('01IO009','Zed',3,3,2,'Attack: Summon an attacking Living Shadow with my stats.',NULL,'Unit','http://dd.b.pvp.net/3_1_0/set1/en_us/img/cards/01IO009.png','http://dd.b.pvp.net/3_1_0/set1/en_us/img/cards/01IO009-full.png','SIXMOREVODKA','I\'ve seen myself or my shadows strike the enemy Nexus twice.','','Set1','',4),('01IO009T1','Living Shadow',3,3,2,'',NULL,'Unit','http://dd.b.pvp.net/3_1_0/set1/en_us/img/cards/01IO009T1.png','http://dd.b.pvp.net/3_1_0/set1/en_us/img/cards/01IO009T1-full.png','SIXMOREVODKA','','','Set1','',5),('01IO009T2','Zed',3,4,3,'Attack: Summon an attacking Living Shadow with my stats and keywords.',NULL,'Unit','http://dd.b.pvp.net/3_1_0/set1/en_us/img/cards/01IO009T2.png','http://dd.b.pvp.net/3_1_0/set1/en_us/img/cards/01IO009T2-full.png','SIXMOREVODKA','','','Set1','',5),('01IO009T3','Zed\'s Shadowshift',3,0,0,'\"Recall an ally to summon a Living Shadow in its place.\nCreate a Zed in your deck.\"',NULL,'Spell','http://dd.b.pvp.net/3_1_0/set1/en_us/img/cards/01IO009T3.png','http://dd.b.pvp.net/3_1_0/set1/en_us/img/cards/01IO009T3-full.png','Max Grecke','','Fast','Set1','',5),('01IO010','Stand United',6,0,0,'Swap 2 allies. Give them Barrier this round.',NULL,'Spell','http://dd.b.pvp.net/3_1_0/set1/en_us/img/cards/01IO010.png','http://dd.b.pvp.net/3_1_0/set1/en_us/img/cards/01IO010-full.png','SIXMOREVODKA','','Burst','Set1','',2),('01IO011','Recall',1,0,0,'Recall an ally.',NULL,'Spell','http://dd.b.pvp.net/3_1_0/set1/en_us/img/cards/01IO011.png','http://dd.b.pvp.net/3_1_0/set1/en_us/img/cards/01IO011-full.png','Kudos Productions','','Fast','Set1','',1),('01IO012','Twin Disciplines',2,0,0,'Give an ally +3|+0 or +0|+3 this round.',NULL,'Spell','http://dd.b.pvp.net/3_1_0/set1/en_us/img/cards/01IO012.png','http://dd.b.pvp.net/3_1_0/set1/en_us/img/cards/01IO012-full.png','SIXMOREVODKA','','Burst','Set1','',1),('01IO012T1','Discipline of Force',2,0,0,'Give an ally +3|+0 this round.',NULL,'Spell','http://dd.b.pvp.net/3_1_0/set1/en_us/img/cards/01IO012T1.png','http://dd.b.pvp.net/3_1_0/set1/en_us/img/cards/01IO012T1-full.png','SIXMOREVODKA','','Burst','Set1','',5),('01IO012T2','Discipline of Fortitude',2,0,0,'Give an ally +0|+3 this round.',NULL,'Spell','http://dd.b.pvp.net/3_1_0/set1/en_us/img/cards/01IO012T2.png','http://dd.b.pvp.net/3_1_0/set1/en_us/img/cards/01IO012T2-full.png','SIXMOREVODKA','','Burst','Set1','',5),('01IO013','Shadow Fiend',1,4,3,'',NULL,'Unit','http://dd.b.pvp.net/3_1_0/set1/en_us/img/cards/01IO013.png','http://dd.b.pvp.net/3_1_0/set1/en_us/img/cards/01IO013-full.png','SIXMOREVODKA','','','Set1','',1),('01IO014','Greenglade Elder',3,3,1,'When I\'m summoned, grant all allies in hand +1|+1.',NULL,'Unit','http://dd.b.pvp.net/3_1_0/set1/en_us/img/cards/01IO014.png','http://dd.b.pvp.net/3_1_0/set1/en_us/img/cards/01IO014-full.png','SIXMOREVODKA','','','Set1','',1),('01IO015','Yasuo',4,4,4,'When you Stun or Recall an enemy, I deal 2 to it.',NULL,'Unit','http://dd.b.pvp.net/3_1_0/set1/en_us/img/cards/01IO015.png','http://dd.b.pvp.net/3_1_0/set1/en_us/img/cards/01IO015-full.png','SIXMOREVODKA','You Stun or Recall 5+ units.','','Set1','',4),('01IO015T1','Yasuo',4,5,5,'When you Stun or Recall an enemy, I strike it.',NULL,'Unit','http://dd.b.pvp.net/3_1_0/set1/en_us/img/cards/01IO015T1.png','http://dd.b.pvp.net/3_1_0/set1/en_us/img/cards/01IO015T1-full.png','SIXMOREVODKA','','','Set1','',5),('01IO015T2','Yasuo\'s Steel Tempest',2,0,0,'\"Stun an attacking enemy.\nCreate a Yasuo in your deck.\"',NULL,'Spell','http://dd.b.pvp.net/3_1_0/set1/en_us/img/cards/01IO015T2.png','http://dd.b.pvp.net/3_1_0/set1/en_us/img/cards/01IO015T2-full.png','Max Grecke','','Fast','Set1','',5),('01IO016','Zephyr Sage',6,4,4,'Play: Create an exact copy of a card in hand other than Zephyr Sage.',NULL,'Unit','http://dd.b.pvp.net/3_1_0/set1/en_us/img/cards/01IO016.png','http://dd.b.pvp.net/3_1_0/set1/en_us/img/cards/01IO016-full.png','SIXMOREVODKA','','','Set1','',2),('01IO017','Navori Bladescout',1,2,1,'When I\'m summoned, give me Elusive this round.',NULL,'Unit','http://dd.b.pvp.net/3_1_0/set1/en_us/img/cards/01IO017.png','http://dd.b.pvp.net/3_1_0/set1/en_us/img/cards/01IO017-full.png','SIXMOREVODKA','','','Set1','YORDLE',1),('01IO018','Rush',1,0,0,'Give an ally +1|+0 and Quick Attack this round.',NULL,'Spell','http://dd.b.pvp.net/3_1_0/set1/en_us/img/cards/01IO018.png','http://dd.b.pvp.net/3_1_0/set1/en_us/img/cards/01IO018-full.png','Kudos Productions','','Burst','Set1','',1),('01IO019','Greenglade Caretaker',1,1,2,'When an ally gets Barrier, grant me +2|+0.',NULL,'Unit','http://dd.b.pvp.net/3_1_0/set1/en_us/img/cards/01IO019.png','http://dd.b.pvp.net/3_1_0/set1/en_us/img/cards/01IO019-full.png','SIXMOREVODKA','','','Set1','',1),('01IO020','Keeper of Masks',2,2,3,'When I\'m summoned, give other allies +1|+0 this round.',NULL,'Unit','http://dd.b.pvp.net/3_1_0/set1/en_us/img/cards/01IO020.png','http://dd.b.pvp.net/3_1_0/set1/en_us/img/cards/01IO020-full.png','SIXMOREVODKA','','','Set1','',1),('01IO021','Windfarer Hatchling',7,4,2,'When I\'m summoned, give other allies +2|+2 this round.',NULL,'Unit','http://dd.b.pvp.net/3_1_0/set1/en_us/img/cards/01IO021.png','http://dd.b.pvp.net/3_1_0/set1/en_us/img/cards/01IO021-full.png','SIXMOREVODKA','','','Set1','',3),('01IO022','Ghost',1,0,0,'Give an ally Elusive this round.',NULL,'Spell','http://dd.b.pvp.net/3_1_0/set1/en_us/img/cards/01IO022.png','http://dd.b.pvp.net/3_1_0/set1/en_us/img/cards/01IO022-full.png','Kudos Productions','','Burst','Set1','',1),('01IO023','Jeweled Protector',5,4,4,'Play: Grant an ally in hand +3|+3.',NULL,'Unit','http://dd.b.pvp.net/3_1_0/set1/en_us/img/cards/01IO023.png','http://dd.b.pvp.net/3_1_0/set1/en_us/img/cards/01IO023-full.png','SIXMOREVODKA','','','Set1','',2),('01IO024','Dawn and Dusk',6,0,0,'Summon 2 exact copies of an ally. They\'re Ephemeral.',NULL,'Spell','http://dd.b.pvp.net/3_1_0/set1/en_us/img/cards/01IO024.png','http://dd.b.pvp.net/3_1_0/set1/en_us/img/cards/01IO024-full.png','Kudos Productions','','Slow','Set1','',2),('01IO026','Inspiring Mentor',1,2,1,'Play: Grant an ally in hand +1|+0.',NULL,'Unit','http://dd.b.pvp.net/3_1_0/set1/en_us/img/cards/01IO026.png','http://dd.b.pvp.net/3_1_0/set1/en_us/img/cards/01IO026-full.png','SIXMOREVODKA','','','Set1','',1),('01IO027','Silent Shadowseer',2,3,1,'Nexus Strike: Create a copy of me in hand.',NULL,'Unit','http://dd.b.pvp.net/3_1_0/set1/en_us/img/cards/01IO027.png','http://dd.b.pvp.net/3_1_0/set1/en_us/img/cards/01IO027-full.png','SIXMOREVODKA','','','Set1','',3),('01IO028','Scaled Snapper',3,2,2,'Play: Grant me +3|+0 or +0|+3.',NULL,'Unit','http://dd.b.pvp.net/3_1_0/set1/en_us/img/cards/01IO028.png','http://dd.b.pvp.net/3_1_0/set1/en_us/img/cards/01IO028-full.png','SIXMOREVODKA','','','Set1','',1),('01IO028T1','Scaled Snapper',3,2,5,'',NULL,'Unit','http://dd.b.pvp.net/3_1_0/set1/en_us/img/cards/01IO028T1.png','http://dd.b.pvp.net/3_1_0/set1/en_us/img/cards/01IO028T1-full.png','SIXMOREVODKA','','','Set1','',5),('01IO028T2','Scaled Snapper',3,5,2,'',NULL,'Unit','http://dd.b.pvp.net/3_1_0/set1/en_us/img/cards/01IO028T2.png','http://dd.b.pvp.net/3_1_0/set1/en_us/img/cards/01IO028T2-full.png','SIXMOREVODKA','','','Set1','',5),('01IO029','Sown Seeds',2,0,0,'Grant all allies in hand +1|+0.',NULL,'Spell','http://dd.b.pvp.net/3_1_0/set1/en_us/img/cards/01IO029.png','http://dd.b.pvp.net/3_1_0/set1/en_us/img/cards/01IO029-full.png','Wild Blue Studios','','Burst','Set1','',2),('01IO030','The Empyrean',7,6,5,'',NULL,'Unit','http://dd.b.pvp.net/3_1_0/set1/en_us/img/cards/01IO030.png','http://dd.b.pvp.net/3_1_0/set1/en_us/img/cards/01IO030-full.png','SIXMOREVODKA','','','Set1','DRAGON',3),('01IO031','Cloud Drinker',6,3,5,'Your Burst and Focus spells cost 1 less.',NULL,'Unit','http://dd.b.pvp.net/3_1_0/set1/en_us/img/cards/01IO031.png','http://dd.b.pvp.net/3_1_0/set1/en_us/img/cards/01IO031-full.png','SIXMOREVODKA','','','Set1','',2),('01IO032','Shen',4,3,5,'Support: Give my supported ally Barrier this round.',NULL,'Unit','http://dd.b.pvp.net/3_1_0/set1/en_us/img/cards/01IO032.png','http://dd.b.pvp.net/3_1_0/set1/en_us/img/cards/01IO032-full.png','SIXMOREVODKA','I\'ve seen allies gain Barrier 4+ times.','','Set1','',4),('01IO032T1','Shen',4,4,6,'\"Support: Give my supported ally Barrier this round.\nWhen an ally gets Barrier, give it +3|+0 this round.\"',NULL,'Unit','http://dd.b.pvp.net/3_1_0/set1/en_us/img/cards/01IO032T1.png','http://dd.b.pvp.net/3_1_0/set1/en_us/img/cards/01IO032T1-full.png','SIXMOREVODKA','','','Set1','',5),('01IO032T2','Shen\'s Stand United',6,0,0,'\"Swap 2 allies. Give them Barrier this round.\nCreate a Shen in your deck.\"',NULL,'Spell','http://dd.b.pvp.net/3_1_0/set1/en_us/img/cards/01IO032T2.png','http://dd.b.pvp.net/3_1_0/set1/en_us/img/cards/01IO032T2-full.png','SIXMOREVODKA','','Burst','Set1','',5),('01IO033','Minah Swiftfoot',9,7,6,'Play: Recall 3 enemies.',NULL,'Unit','http://dd.b.pvp.net/3_1_0/set1/en_us/img/cards/01IO033.png','http://dd.b.pvp.net/3_1_0/set1/en_us/img/cards/01IO033-full.png','SIXMOREVODKA','','','Set1','',3),('01IO033T1','Skyward Strikes',0,0,0,'Recall 3 enemies.',NULL,'Ability','http://dd.b.pvp.net/3_1_0/set1/en_us/img/cards/01IO033T1.png','http://dd.b.pvp.net/3_1_0/set1/en_us/img/cards/01IO033T1-full.png','Kudos Productions','','','Set1','',5),('01IO036','Greenglade Lookout',2,2,2,'Strike: Reduce the cost of the most expensive unit in your hand by 1.',NULL,'Unit','http://dd.b.pvp.net/3_1_0/set1/en_us/img/cards/01IO036.png','http://dd.b.pvp.net/3_1_0/set1/en_us/img/cards/01IO036-full.png','SIXMOREVODKA','','','Set1','YORDLE',1),('01IO037','Spirit\'s Refuge',4,0,0,'Give an ally Barrier and Lifesteal this round.',NULL,'Spell','http://dd.b.pvp.net/3_1_0/set1/en_us/img/cards/01IO037.png','http://dd.b.pvp.net/3_1_0/set1/en_us/img/cards/01IO037-full.png','Kudos Productions','','Burst','Set1','',1),('01IO038','Solitary Monk',3,3,3,'When I\'m summoned, Recall all other allies.',NULL,'Unit','http://dd.b.pvp.net/3_1_0/set1/en_us/img/cards/01IO038.png','http://dd.b.pvp.net/3_1_0/set1/en_us/img/cards/01IO038-full.png','SIXMOREVODKA','','','Set1','',2),('01IO039','Shadowshift',3,0,0,'Recall an ally to summon a Living Shadow in its place.',NULL,'Spell','http://dd.b.pvp.net/3_1_0/set1/en_us/img/cards/01IO039.png','http://dd.b.pvp.net/3_1_0/set1/en_us/img/cards/01IO039-full.png','Max Grecke','','Fast','Set1','',1),('01IO040','Kinkou Lifeblade',4,2,2,'',NULL,'Unit','http://dd.b.pvp.net/3_1_0/set1/en_us/img/cards/01IO040.png','http://dd.b.pvp.net/3_1_0/set1/en_us/img/cards/01IO040-full.png','SIXMOREVODKA','','','Set1','',1),('01IO041','Karma',5,4,3,'Round End: Create in hand a random spell from your regions.',NULL,'Unit','http://dd.b.pvp.net/3_1_0/set1/en_us/img/cards/01IO041.png','http://dd.b.pvp.net/3_1_0/set1/en_us/img/cards/01IO041-full.png','SIXMOREVODKA','You\'re Enlightened.','','Set1','',4),('01IO041T1','Karma',5,5,4,'When you play a spell, cast it again on the same targets.',NULL,'Unit','http://dd.b.pvp.net/3_1_0/set1/en_us/img/cards/01IO041T1.png','http://dd.b.pvp.net/3_1_0/set1/en_us/img/cards/01IO041T1-full.png','SIXMOREVODKA','','','Set1','',5),('01IO041T2','Karma\'s Insight of Ages',2,0,0,'\"Create in hand another random spell from your regions.\nEnlightened: Create 2 instead.\nCreate a Karma in your deck.\"',NULL,'Spell','http://dd.b.pvp.net/3_1_0/set1/en_us/img/cards/01IO041T2.png','http://dd.b.pvp.net/3_1_0/set1/en_us/img/cards/01IO041T2-full.png','Kudos Productions','','Burst','Set1','',5),('01IO042','Sparring Student',1,1,1,'When you summon an ally, give me +1|+1 this round.',NULL,'Unit','http://dd.b.pvp.net/3_1_0/set1/en_us/img/cards/01IO042.png','http://dd.b.pvp.net/3_1_0/set1/en_us/img/cards/01IO042-full.png','SIXMOREVODKA','','','Set1','',1),('01IO043','Rivershaper',3,2,2,'Strike: Draw a spell.',NULL,'Unit','http://dd.b.pvp.net/3_1_0/set1/en_us/img/cards/01IO043.png','http://dd.b.pvp.net/3_1_0/set1/en_us/img/cards/01IO043-full.png','SIXMOREVODKA','','','Set1','',2),('01IO044','Navori Conspirator',2,2,2,'To play me, Recall an ally.',NULL,'Unit','http://dd.b.pvp.net/3_1_0/set1/en_us/img/cards/01IO044.png','http://dd.b.pvp.net/3_1_0/set1/en_us/img/cards/01IO044-full.png','SIXMOREVODKA','','','Set1','',1),('01IO045','Herald of Spring',2,2,2,'Support: Give my supported ally Lifesteal this round.',NULL,'Unit','http://dd.b.pvp.net/3_1_0/set1/en_us/img/cards/01IO045.png','http://dd.b.pvp.net/3_1_0/set1/en_us/img/cards/01IO045-full.png','SIXMOREVODKA','','','Set1','',1),('01IO046','Steel Tempest',2,0,0,'Stun an attacking enemy.',NULL,'Spell','http://dd.b.pvp.net/3_1_0/set1/en_us/img/cards/01IO046.png','http://dd.b.pvp.net/3_1_0/set1/en_us/img/cards/01IO046-full.png','Max Grecke','','Fast','Set1','',2),('01IO047','Shadow Flare',6,0,0,'Grant ALL battling followers Ephemeral.',NULL,'Spell','http://dd.b.pvp.net/3_1_0/set1/en_us/img/cards/01IO047.png','http://dd.b.pvp.net/3_1_0/set1/en_us/img/cards/01IO047-full.png','Kudos Productions','','Fast','Set1','',3),('01IO048','Yusari',5,4,3,'',NULL,'Unit','http://dd.b.pvp.net/3_1_0/set1/en_us/img/cards/01IO048.png','http://dd.b.pvp.net/3_1_0/set1/en_us/img/cards/01IO048-full.png','SIXMOREVODKA','','','Set1','',2),('01IO049','Deny',4,0,0,'Stop a Fast spell, Slow spell, or Skill.',NULL,'Spell','http://dd.b.pvp.net/3_1_0/set1/en_us/img/cards/01IO049.png','http://dd.b.pvp.net/3_1_0/set1/en_us/img/cards/01IO049-full.png','Kudos Productions','','Fast','Set1','',2),('01IO050','Kinkou Wayfinder',4,2,3,'Allegiance: Summon 2 different 1 cost allies from your deck.',NULL,'Unit','http://dd.b.pvp.net/3_1_0/set1/en_us/img/cards/01IO050.png','http://dd.b.pvp.net/3_1_0/set1/en_us/img/cards/01IO050-full.png','SIXMOREVODKA','','','Set1','',2),('01IO052','Navori Highwayman',2,1,2,'When I\'m summoned, summon a Navori Brigand with my stats.',NULL,'Unit','http://dd.b.pvp.net/3_1_0/set1/en_us/img/cards/01IO052.png','http://dd.b.pvp.net/3_1_0/set1/en_us/img/cards/01IO052-full.png','SIXMOREVODKA','','','Set1','',1),('01IO052T1','Navori Brigand',2,1,2,'',NULL,'Unit','http://dd.b.pvp.net/3_1_0/set1/en_us/img/cards/01IO052T1.png','http://dd.b.pvp.net/3_1_0/set1/en_us/img/cards/01IO052T1-full.png','SIXMOREVODKA','','','Set1','',5),('01IO053','Emerald Awakener',3,2,2,'Enlightened: I have +4|+4.',NULL,'Unit','http://dd.b.pvp.net/3_1_0/set1/en_us/img/cards/01IO053.png','http://dd.b.pvp.net/3_1_0/set1/en_us/img/cards/01IO053-full.png','SIXMOREVODKA','','','Set1','',1),('01IO054','Insight of Ages',2,0,0,'\"Create in hand another random spell from your regions.\nEnlightened: Create 2 instead.\"',NULL,'Spell','http://dd.b.pvp.net/3_1_0/set1/en_us/img/cards/01IO054.png','http://dd.b.pvp.net/3_1_0/set1/en_us/img/cards/01IO054-full.png','Kudos Productions','','Burst','Set1','',2),('01IO055','Ki Guardian',2,0,0,'\"Grant Barrier to an ally in hand. \nDraw 1.\"',NULL,'Spell','http://dd.b.pvp.net/3_1_0/set1/en_us/img/cards/01IO055.png','http://dd.b.pvp.net/3_1_0/set1/en_us/img/cards/01IO055-full.png','Kudos Productions','','Burst','Set1','',1),('01IO056','Yone, Windchaser',7,6,6,'Play: Stun 2 enemies.',NULL,'Unit','http://dd.b.pvp.net/3_1_0/set1/en_us/img/cards/01IO056.png','http://dd.b.pvp.net/3_1_0/set1/en_us/img/cards/01IO056-full.png','Aron Elekes','','','Set1','',2),('01IO056T1','Staggering Strikes',0,0,0,'Stun 2 enemies.',NULL,'Ability','http://dd.b.pvp.net/3_1_0/set1/en_us/img/cards/01IO056T1.png','http://dd.b.pvp.net/3_1_0/set1/en_us/img/cards/01IO056T1-full.png','Kudos Productions','','','Set1','',5),('01IO057','Shadow Assassin',3,2,1,'When I\'m summoned, draw 1.',NULL,'Unit','http://dd.b.pvp.net/3_1_0/set1/en_us/img/cards/01IO057.png','http://dd.b.pvp.net/3_1_0/set1/en_us/img/cards/01IO057-full.png','JiHun Lee','','','Set1','',1),('01NX002','Decimate',5,0,0,'Deal 4 to the enemy Nexus.',NULL,'Spell','http://dd.b.pvp.net/3_1_0/set1/en_us/img/cards/01NX002.png','http://dd.b.pvp.net/3_1_0/set1/en_us/img/cards/01NX002-full.png','Max Grecke','','Slow','Set1','',2),('01NX003','Arena Bookie',2,2,2,'Round Start: Discard your lowest cost card to draw 1.',NULL,'Unit','http://dd.b.pvp.net/3_1_0/set1/en_us/img/cards/01NX003.png','http://dd.b.pvp.net/3_1_0/set1/en_us/img/cards/01NX003-full.png','SIXMOREVODKA','','','Set1','YORDLE',2),('01NX004','Culling Strike',3,0,0,'Kill a unit with 3 or less Power.',NULL,'Spell','http://dd.b.pvp.net/3_1_0/set1/en_us/img/cards/01NX004.png','http://dd.b.pvp.net/3_1_0/set1/en_us/img/cards/01NX004-full.png','Rafael Zanchetin','','Fast','Set1','',2),('01NX005','Crimson Aristocrat',2,2,2,'Play: Deal 1 to an ally and grant it +2|+0.',NULL,'Unit','http://dd.b.pvp.net/3_1_0/set1/en_us/img/cards/01NX005.png','http://dd.b.pvp.net/3_1_0/set1/en_us/img/cards/01NX005-full.png','SIXMOREVODKA','','','Set1','',1),('01NX006','Vladimir',5,5,5,'Attack: For each attacking ally on my right, deal 1 to it and 1 to the enemy Nexus.',NULL,'Unit','http://dd.b.pvp.net/3_1_0/set1/en_us/img/cards/01NX006.png','http://dd.b.pvp.net/3_1_0/set1/en_us/img/cards/01NX006-full.png','SIXMOREVODKA','You\'ve had 5+ allies survive damage.','','Set1','',4),('01NX006T1','Vladimir',5,6,6,'Attack: For each attacking ally on my right, deal 1 to it and drain 1 from the enemy Nexus.',NULL,'Unit','http://dd.b.pvp.net/3_1_0/set1/en_us/img/cards/01NX006T1.png','http://dd.b.pvp.net/3_1_0/set1/en_us/img/cards/01NX006T1-full.png','SIXMOREVODKA','','','Set1','',5),('01NX006T2','Crimson Pact',0,0,0,'For each attacking ally on Vladimir\'s right, deal 1 to it and 1 to the enemy Nexus.',NULL,'Ability','http://dd.b.pvp.net/3_1_0/set1/en_us/img/cards/01NX006T2.png','http://dd.b.pvp.net/3_1_0/set1/en_us/img/cards/01NX006T2-full.png','Max Grecke','','','Set1','',5),('01NX006T3','Vladimir\'s Transfusion',2,0,0,'\"Deal 1 to an ally and give another ally +2|+2 this round.\nCreate a Vladimir in your deck.\"',NULL,'Spell','http://dd.b.pvp.net/3_1_0/set1/en_us/img/cards/01NX006T3.png','http://dd.b.pvp.net/3_1_0/set1/en_us/img/cards/01NX006T3-full.png','SIXMOREVODKA','','Burst','Set1','',5),('01NX006T4','Crimson Pact',0,0,0,'For each attacking ally on Vladimir\'s right, deal 1 to it and drain 1 from the enemy Nexus.',NULL,'Ability','http://dd.b.pvp.net/3_1_0/set1/en_us/img/cards/01NX006T4.png','http://dd.b.pvp.net/3_1_0/set1/en_us/img/cards/01NX006T4-full.png','Max Grecke','','','Set1','',5),('01NX007','Arena Battlecaster',2,2,2,'Attack: Give other attacking allies +1|+0 this round.',NULL,'Unit','http://dd.b.pvp.net/3_1_0/set1/en_us/img/cards/01NX007.png','http://dd.b.pvp.net/3_1_0/set1/en_us/img/cards/01NX007-full.png','SIXMOREVODKA','','','Set1','',2),('01NX008','Basilisk Rider',4,4,3,'Allegiance: Grant me +1|+1 and Overwhelm.',NULL,'Unit','http://dd.b.pvp.net/3_1_0/set1/en_us/img/cards/01NX008.png','http://dd.b.pvp.net/3_1_0/set1/en_us/img/cards/01NX008-full.png','SIXMOREVODKA','','','Set1','',2),('01NX009','Crowd Favorite',4,2,1,'When I\'m summoned, grant me +1|+1 for each other ally you have.',NULL,'Unit','http://dd.b.pvp.net/3_1_0/set1/en_us/img/cards/01NX009.png','http://dd.b.pvp.net/3_1_0/set1/en_us/img/cards/01NX009-full.png','SIXMOREVODKA','','','Set1','',2),('01NX010','Legion General',5,4,4,'When I\'m summoned, grant me +1|+1 for each unit you\'ve Stunned or Recalled this game. ',NULL,'Unit','http://dd.b.pvp.net/3_1_0/set1/en_us/img/cards/01NX010.png','http://dd.b.pvp.net/3_1_0/set1/en_us/img/cards/01NX010-full.png','SIXMOREVODKA','','','Set1','',1),('01NX011','Whirling Death',3,0,0,'A battling ally strikes a battling enemy.',NULL,'Spell','http://dd.b.pvp.net/3_1_0/set1/en_us/img/cards/01NX011.png','http://dd.b.pvp.net/3_1_0/set1/en_us/img/cards/01NX011-full.png','Rafael Zanchetin','','Fast','Set1','',1),('01NX012','Legion Rearguard',1,3,2,'',NULL,'Unit','http://dd.b.pvp.net/3_1_0/set1/en_us/img/cards/01NX012.png','http://dd.b.pvp.net/3_1_0/set1/en_us/img/cards/01NX012-full.png','SIXMOREVODKA','','','Set1','',1),('01NX013','Decisive Maneuver',5,0,0,'Stun an enemy. Give all allies +2|+0 this round.',NULL,'Spell','http://dd.b.pvp.net/3_1_0/set1/en_us/img/cards/01NX013.png','http://dd.b.pvp.net/3_1_0/set1/en_us/img/cards/01NX013-full.png','Original Force','','Fast','Set1','',2),('01NX014','Shiraza the Blade',4,3,3,'I deal double damage to the Nexus.',NULL,'Unit','http://dd.b.pvp.net/3_1_0/set1/en_us/img/cards/01NX014.png','http://dd.b.pvp.net/3_1_0/set1/en_us/img/cards/01NX014-full.png','SIXMOREVODKA','','','Set1','',3),('01NX015','Precious Pet',1,2,1,'',NULL,'Unit','http://dd.b.pvp.net/3_1_0/set1/en_us/img/cards/01NX015.png','http://dd.b.pvp.net/3_1_0/set1/en_us/img/cards/01NX015-full.png','SIXMOREVODKA','','','Set1','SPIDER',1),('01NX016','Trifarian Hopeful',2,3,2,'When I\'m summoned, grant me +2|+0 if you have another Noxus ally.',NULL,'Unit','http://dd.b.pvp.net/3_1_0/set1/en_us/img/cards/01NX016.png','http://dd.b.pvp.net/3_1_0/set1/en_us/img/cards/01NX016-full.png','SIXMOREVODKA','','','Set1','',1),('01NX017','Legion Drummer',2,3,2,'Support: Give my supported ally Quick Attack this round.',NULL,'Unit','http://dd.b.pvp.net/3_1_0/set1/en_us/img/cards/01NX017.png','http://dd.b.pvp.net/3_1_0/set1/en_us/img/cards/01NX017-full.png','SIXMOREVODKA','','','Set1','',1),('01NX019','Might',3,0,0,'Give an ally +3|+0 and Overwhelm this round.',NULL,'Spell','http://dd.b.pvp.net/3_1_0/set1/en_us/img/cards/01NX019.png','http://dd.b.pvp.net/3_1_0/set1/en_us/img/cards/01NX019-full.png','Kudos Productions','','Burst','Set1','',1),('01NX020','Draven',3,3,2,'When I\'m summoned or Strike: Create a Spinning Axe in hand.',NULL,'Unit','http://dd.b.pvp.net/3_1_0/set1/en_us/img/cards/01NX020.png','http://dd.b.pvp.net/3_1_0/set1/en_us/img/cards/01NX020-full.png','SIXMOREVODKA','I\'ve struck with 2+ total Spinning Axes.','','Set1','',4),('01NX020T1','Spinning Axe',0,0,0,'\"To play, discard 1.\nGive an ally +1|+0 this round.\"',NULL,'Spell','http://dd.b.pvp.net/3_1_0/set1/en_us/img/cards/01NX020T1.png','http://dd.b.pvp.net/3_1_0/set1/en_us/img/cards/01NX020T1-full.png','SIXMOREVODKA','','Burst','Set1','',5),('01NX020T2','Draven\'s Whirling Death',3,0,0,'\"A battling ally strikes a battling enemy.\nCreate a Draven in your deck.\"',NULL,'Spell','http://dd.b.pvp.net/3_1_0/set1/en_us/img/cards/01NX020T2.png','http://dd.b.pvp.net/3_1_0/set1/en_us/img/cards/01NX020T2-full.png','Rafael Zanchetin','','Fast','Set1','',5),('01NX020T3','Draven',3,4,3,'When I\'m summoned or Strike: Create 2 Spinning Axes in hand.',NULL,'Unit','http://dd.b.pvp.net/3_1_0/set1/en_us/img/cards/01NX020T3.png','http://dd.b.pvp.net/3_1_0/set1/en_us/img/cards/01NX020T3-full.png','SIXMOREVODKA','','','Set1','',5),('01NX021','Legion Marauder',3,3,2,'Attack: Grant allied Legion Marauders everywhere +1|+1.',NULL,'Unit','http://dd.b.pvp.net/3_1_0/set1/en_us/img/cards/01NX021.png','http://dd.b.pvp.net/3_1_0/set1/en_us/img/cards/01NX021-full.png','SIXMOREVODKA','','','Set1','',1),('01NX022','Noxian Guillotine',3,0,0,'Kill a damaged unit to create a Fleeting Noxian Guillotine in hand.',NULL,'Spell','http://dd.b.pvp.net/3_1_0/set1/en_us/img/cards/01NX022.png','http://dd.b.pvp.net/3_1_0/set1/en_us/img/cards/01NX022-full.png','SIXMOREVODKA','','Fast','Set1','',2),('01NX023','Arachnoid Host',5,5,3,'When I\'m summoned, grant other Spider allies +2|+0.',NULL,'Unit','http://dd.b.pvp.net/3_1_0/set1/en_us/img/cards/01NX023.png','http://dd.b.pvp.net/3_1_0/set1/en_us/img/cards/01NX023-full.png','SIXMOREVODKA','','','Set1','SPIDER',2),('01NX024','Kato The Arm',5,5,4,'Support: Give my supported ally +3|+0 and Overwhelm this round.',NULL,'Unit','http://dd.b.pvp.net/3_1_0/set1/en_us/img/cards/01NX024.png','http://dd.b.pvp.net/3_1_0/set1/en_us/img/cards/01NX024-full.png','SIXMOREVODKA','','','Set1','',3),('01NX025','Brothers\' Bond',2,0,0,'Grant 2 allies +2|+0.',NULL,'Spell','http://dd.b.pvp.net/3_1_0/set1/en_us/img/cards/01NX025.png','http://dd.b.pvp.net/3_1_0/set1/en_us/img/cards/01NX025-full.png','Wild Blue Studios','','Burst','Set1','',1),('01NX026','Reckless Trifarian',3,5,4,'',NULL,'Unit','http://dd.b.pvp.net/3_1_0/set1/en_us/img/cards/01NX026.png','http://dd.b.pvp.net/3_1_0/set1/en_us/img/cards/01NX026-full.png','SIXMOREVODKA','','','Set1','',1),('01NX027','Elixir of Wrath',1,0,0,'Give an ally +3|+0 this round.',NULL,'Spell','http://dd.b.pvp.net/3_1_0/set1/en_us/img/cards/01NX027.png','http://dd.b.pvp.net/3_1_0/set1/en_us/img/cards/01NX027-full.png','Kudos Productions','','Burst','Set1','',1),('01NX029','Legion Veteran',4,4,5,'When another ally survives damage, grant it +1|+0.',NULL,'Unit','http://dd.b.pvp.net/3_1_0/set1/en_us/img/cards/01NX029.png','http://dd.b.pvp.net/3_1_0/set1/en_us/img/cards/01NX029-full.png','SIXMOREVODKA','','','Set1','',3),('01NX030','Crimson Disciple',2,2,3,'When I survive damage, deal 1 to the enemy Nexus.',NULL,'Unit','http://dd.b.pvp.net/3_1_0/set1/en_us/img/cards/01NX030.png','http://dd.b.pvp.net/3_1_0/set1/en_us/img/cards/01NX030-full.png','SIXMOREVODKA','','','Set1','',2),('01NX031','Trifarian Gloryseeker',2,5,1,'',NULL,'Unit','http://dd.b.pvp.net/3_1_0/set1/en_us/img/cards/01NX031.png','http://dd.b.pvp.net/3_1_0/set1/en_us/img/cards/01NX031-full.png','SIXMOREVODKA','','','Set1','',2),('01NX032','Crimson Awakener',4,5,5,'When I\'m summoned, deal 1 to all other allies.',NULL,'Unit','http://dd.b.pvp.net/3_1_0/set1/en_us/img/cards/01NX032.png','http://dd.b.pvp.net/3_1_0/set1/en_us/img/cards/01NX032-full.png','SIXMOREVODKA','','','Set1','',2),('01NX033','Trifarian Assessor',5,4,3,'When I\'m summoned, draw 1 for each 5+ Power ally you have.',NULL,'Unit','http://dd.b.pvp.net/3_1_0/set1/en_us/img/cards/01NX033.png','http://dd.b.pvp.net/3_1_0/set1/en_us/img/cards/01NX033-full.png','SIXMOREVODKA','','','Set1','',2),('01NX034','Affectionate Poro',1,1,1,'',NULL,'Unit','http://dd.b.pvp.net/3_1_0/set1/en_us/img/cards/01NX034.png','http://dd.b.pvp.net/3_1_0/set1/en_us/img/cards/01NX034-full.png','SIXMOREVODKA','','','Set1','PORO',1),('01NX035','Draven\'s Biggest Fan',1,2,1,'When I\'m summoned, move Draven to the top of your deck if you don\'t have him in hand or in play.',NULL,'Unit','http://dd.b.pvp.net/3_1_0/set1/en_us/img/cards/01NX035.png','http://dd.b.pvp.net/3_1_0/set1/en_us/img/cards/01NX035-full.png','SIXMOREVODKA','','','Set1','',1),('01NX036','Minotaur Reckoner',6,6,6,'Round Start: Stun the weakest enemy.',NULL,'Unit','http://dd.b.pvp.net/3_1_0/set1/en_us/img/cards/01NX036.png','http://dd.b.pvp.net/3_1_0/set1/en_us/img/cards/01NX036-full.png','SIXMOREVODKA','','','Set1','',2),('01NX037','Legion Grenadier',2,3,2,'Last Breath: Deal 1 to the enemy Nexus.',NULL,'Unit','http://dd.b.pvp.net/3_1_0/set1/en_us/img/cards/01NX037.png','http://dd.b.pvp.net/3_1_0/set1/en_us/img/cards/01NX037-full.png','SIXMOREVODKA','','','Set1','',1),('01NX038','Darius',6,6,6,'',NULL,'Unit','http://dd.b.pvp.net/3_1_0/set1/en_us/img/cards/01NX038.png','http://dd.b.pvp.net/3_1_0/set1/en_us/img/cards/01NX038-full.png','SIXMOREVODKA','I see the enemy Nexus has 10 or less Health.','','Set1','',4),('01NX038T1','Darius\' Decimate',5,0,0,'\"Deal 4 to the enemy Nexus.\nCreate a Darius in your deck.\"',NULL,'Spell','http://dd.b.pvp.net/3_1_0/set1/en_us/img/cards/01NX038T1.png','http://dd.b.pvp.net/3_1_0/set1/en_us/img/cards/01NX038T1-full.png','Max Grecke','','Slow','Set1','',5),('01NX038T2','Darius',6,10,7,'',NULL,'Unit','http://dd.b.pvp.net/3_1_0/set1/en_us/img/cards/01NX038T2.png','http://dd.b.pvp.net/3_1_0/set1/en_us/img/cards/01NX038T2-full.png','SIXMOREVODKA','','','Set1','',5),('01NX039','Vision',3,0,0,'When cast or discarded, grant all allies +1|+0.',NULL,'Spell','http://dd.b.pvp.net/3_1_0/set1/en_us/img/cards/01NX039.png','http://dd.b.pvp.net/3_1_0/set1/en_us/img/cards/01NX039-full.png','Kudos Productions','','Burst','Set1','',2),('01NX040','Legion Saboteur',1,2,1,'Attack: Deal 1 to the enemy Nexus.',NULL,'Unit','http://dd.b.pvp.net/3_1_0/set1/en_us/img/cards/01NX040.png','http://dd.b.pvp.net/3_1_0/set1/en_us/img/cards/01NX040-full.png','SIXMOREVODKA','','','Set1','',1),('01NX040T1','Sabotage',0,0,0,'Deal 1 to the enemy Nexus.',NULL,'Ability','http://dd.b.pvp.net/3_1_0/set1/en_us/img/cards/01NX040T1.png','http://dd.b.pvp.net/3_1_0/set1/en_us/img/cards/01NX040T1-full.png','Kudos Productions','','','Set1','',5),('01NX041','Trifarian Shieldbreaker',5,6,5,'',NULL,'Unit','http://dd.b.pvp.net/3_1_0/set1/en_us/img/cards/01NX041.png','http://dd.b.pvp.net/3_1_0/set1/en_us/img/cards/01NX041-full.png','SIXMOREVODKA','','','Set1','',1),('01NX042','Katarina',3,3,2,'When I\'m summoned, create a Fleeting Blade\'s Edge in hand.',NULL,'Unit','http://dd.b.pvp.net/3_1_0/set1/en_us/img/cards/01NX042.png','http://dd.b.pvp.net/3_1_0/set1/en_us/img/cards/01NX042-full.png','SIXMOREVODKA','I\'ve struck once. When I level up, Recall me.','','Set1','',4),('01NX042T1','Katarina\'s Death Lotus',2,0,0,'\"Deal 1 to ALL battling units.\nCreate a Katarina in your deck.\"',NULL,'Spell','http://dd.b.pvp.net/3_1_0/set1/en_us/img/cards/01NX042T1.png','http://dd.b.pvp.net/3_1_0/set1/en_us/img/cards/01NX042T1-full.png','Rafael Zanchetin','','Fast','Set1','',5),('01NX042T2','Katarina',4,4,3,'\"When I\'m summoned, Rally.\nStrike: Recall me.\"',NULL,'Unit','http://dd.b.pvp.net/3_1_0/set1/en_us/img/cards/01NX042T2.png','http://dd.b.pvp.net/3_1_0/set1/en_us/img/cards/01NX042T2-full.png','SIXMOREVODKA','','','Set1','',5),('01NX043','Blade\'s Edge',1,0,0,'Deal 1 to anything.',NULL,'Spell','http://dd.b.pvp.net/3_1_0/set1/en_us/img/cards/01NX043.png','http://dd.b.pvp.net/3_1_0/set1/en_us/img/cards/01NX043-full.png','SIXMOREVODKA','','Fast','Set1','',1),('01NX044','Battering Ram',6,0,12,'Attack: Grant me +4|+0.',NULL,'Unit','http://dd.b.pvp.net/3_1_0/set1/en_us/img/cards/01NX044.png','http://dd.b.pvp.net/3_1_0/set1/en_us/img/cards/01NX044-full.png','SIXMOREVODKA','','','Set1','',3),('01NX045','Savage Reckoner',7,7,4,'',NULL,'Unit','http://dd.b.pvp.net/3_1_0/set1/en_us/img/cards/01NX045.png','http://dd.b.pvp.net/3_1_0/set1/en_us/img/cards/01NX045-full.png','SIXMOREVODKA','','','Set1','',2),('01NX046','Arachnoid Sentry',3,3,2,'Play: Stun an enemy.',NULL,'Unit','http://dd.b.pvp.net/3_1_0/set1/en_us/img/cards/01NX046.png','http://dd.b.pvp.net/3_1_0/set1/en_us/img/cards/01NX046-full.png','SIXMOREVODKA','','','Set1','SPIDER',1),('01NX046T1','Paralyzing Bite',0,0,0,'Stun an enemy.',NULL,'Ability','http://dd.b.pvp.net/3_1_0/set1/en_us/img/cards/01NX046T1.png','http://dd.b.pvp.net/3_1_0/set1/en_us/img/cards/01NX046T1-full.png','Kudos Productions','','','Set1','',5),('01NX047','Transfusion',2,0,0,'Deal 1 to an ally to give another ally +2|+2 this round.',NULL,'Spell','http://dd.b.pvp.net/3_1_0/set1/en_us/img/cards/01NX047.png','http://dd.b.pvp.net/3_1_0/set1/en_us/img/cards/01NX047-full.png','SIXMOREVODKA','','Burst','Set1','',1),('01NX048','Crimson Curator',3,3,3,'When I survive damage, create a random Crimson unit in your hand.',NULL,'Unit','http://dd.b.pvp.net/3_1_0/set1/en_us/img/cards/01NX048.png','http://dd.b.pvp.net/3_1_0/set1/en_us/img/cards/01NX048-full.png','SIXMOREVODKA','','','Set1','',1),('01NX049','Guile',1,0,0,'Stun an enemy.',NULL,'Spell','http://dd.b.pvp.net/3_1_0/set1/en_us/img/cards/01NX049.png','http://dd.b.pvp.net/3_1_0/set1/en_us/img/cards/01NX049-full.png','Kudos Productions','','Slow','Set1','',1),('01NX050','Death Lotus',2,0,0,'Deal 1 to ALL battling units.',NULL,'Spell','http://dd.b.pvp.net/3_1_0/set1/en_us/img/cards/01NX050.png','http://dd.b.pvp.net/3_1_0/set1/en_us/img/cards/01NX050-full.png','Rafael Zanchetin','','Fast','Set1','',2),('01NX051','Captain Farron',8,8,8,'When I\'m summoned, create 2 Decimates in hand.',NULL,'Unit','http://dd.b.pvp.net/3_1_0/set1/en_us/img/cards/01NX051.png','http://dd.b.pvp.net/3_1_0/set1/en_us/img/cards/01NX051-full.png','SIXMOREVODKA','','','Set1','',3),('01NX052','Blood for Blood',2,0,0,'Deal 1 to an allied follower. If it survives, create a copy of it in hand.',NULL,'Spell','http://dd.b.pvp.net/3_1_0/set1/en_us/img/cards/01NX052.png','http://dd.b.pvp.net/3_1_0/set1/en_us/img/cards/01NX052-full.png','Kudos Productions','','Fast','Set1','',1),('01NX053','Reckoning',6,0,0,'If you have a 5+ Power ally, kill ALL units with 4 or less Power.',NULL,'Spell','http://dd.b.pvp.net/3_1_0/set1/en_us/img/cards/01NX053.png','http://dd.b.pvp.net/3_1_0/set1/en_us/img/cards/01NX053-full.png','Kudos Productions','','Slow','Set1','',3),('01NX054','Intimidating Roar',5,0,0,'Stun all enemies with 4 or less Power.',NULL,'Spell','http://dd.b.pvp.net/3_1_0/set1/en_us/img/cards/01NX054.png','http://dd.b.pvp.net/3_1_0/set1/en_us/img/cards/01NX054-full.png','Kudos Productions','','Slow','Set1','',2),('01NX055','House Spider',2,2,2,'When I\'m summoned, summon a Spiderling.',NULL,'Unit','http://dd.b.pvp.net/3_1_0/set1/en_us/img/cards/01NX055.png','http://dd.b.pvp.net/3_1_0/set1/en_us/img/cards/01NX055-full.png','Alex Heath','','','Set1','SPIDER',1),('01NX056','Shunpo',5,0,0,'Deal 2 to an enemy, then Rally.',NULL,'Spell','http://dd.b.pvp.net/3_1_0/set1/en_us/img/cards/01NX056.png','http://dd.b.pvp.net/3_1_0/set1/en_us/img/cards/01NX056-full.png','Kudos Productions','','Slow','Set1','',1),('01PZ001','Rummage',2,0,0,'To play, discard up to 2 cards. Draw 1 for each card you discarded.',NULL,'Spell','http://dd.b.pvp.net/3_1_0/set1/en_us/img/cards/01PZ001.png','http://dd.b.pvp.net/3_1_0/set1/en_us/img/cards/01PZ001-full.png','Max Grecke','','Burst','Set1','',1),('01PZ002','Back Alley Barkeep',4,3,3,'When I\'m summoned, create in hand a random card for each Back Alley Barkeep you\'ve summoned this game. ',NULL,'Unit','http://dd.b.pvp.net/3_1_0/set1/en_us/img/cards/01PZ002.png','http://dd.b.pvp.net/3_1_0/set1/en_us/img/cards/01PZ002-full.png','SIXMOREVODKA','','','Set1','',1),('01PZ003','Assembly Bot',3,1,1,'When you cast a spell, grant me +1|+1.',NULL,'Unit','http://dd.b.pvp.net/3_1_0/set1/en_us/img/cards/01PZ003.png','http://dd.b.pvp.net/3_1_0/set1/en_us/img/cards/01PZ003-full.png','SIXMOREVODKA','','','Set1','',2),('01PZ004','Trueshot Barrage',7,0,0,'Deal 3 to an enemy or the enemy Nexus, 2 to another, and 1 to another.',NULL,'Spell','http://dd.b.pvp.net/3_1_0/set1/en_us/img/cards/01PZ004.png','http://dd.b.pvp.net/3_1_0/set1/en_us/img/cards/01PZ004-full.png','Max Grecke','','Slow','Set1','',3),('01PZ005','Hextech Transmogulator',6,0,0,'Transform a follower into an exact copy of another follower.',NULL,'Spell','http://dd.b.pvp.net/3_1_0/set1/en_us/img/cards/01PZ005.png','http://dd.b.pvp.net/3_1_0/set1/en_us/img/cards/01PZ005-full.png','Kudos Productions','','Fast','Set1','',2),('01PZ006','Plaza Guardian',10,6,6,'Reduce my cost by 1 for each spell you\'ve cast this game.',NULL,'Unit','http://dd.b.pvp.net/3_1_0/set1/en_us/img/cards/01PZ006.png','http://dd.b.pvp.net/3_1_0/set1/en_us/img/cards/01PZ006-full.png','SIXMOREVODKA','','','Set1','',2),('01PZ007','Parade Electrorig',3,2,4,'Support: Create 4 copies of the supported ally in your deck.',NULL,'Unit','http://dd.b.pvp.net/3_1_0/set1/en_us/img/cards/01PZ007.png','http://dd.b.pvp.net/3_1_0/set1/en_us/img/cards/01PZ007-full.png','SIXMOREVODKA','','','Set1','',1),('01PZ008','Teemo',1,1,1,'Nexus Strike: Plant 5 Poison Puffcaps on random cards in the enemy deck.',NULL,'Unit','http://dd.b.pvp.net/3_1_0/set1/en_us/img/cards/01PZ008.png','http://dd.b.pvp.net/3_1_0/set1/en_us/img/cards/01PZ008-full.png','SIXMOREVODKA','You\'ve planted 15+ Poison Puffcaps.','','Set1','YORDLE',4),('01PZ008T1','Teemo\'s Mushroom Cloud',1,0,0,'\"Plant 5 Poison Puffcaps on random cards in the enemy deck.\nCreate a Teemo in your deck.\"',NULL,'Spell','http://dd.b.pvp.net/3_1_0/set1/en_us/img/cards/01PZ008T1.png','http://dd.b.pvp.net/3_1_0/set1/en_us/img/cards/01PZ008T1-full.png','Kudos Productions','','Burst','Set1','',5),('01PZ008T2','Teemo',1,2,2,'Nexus Strike: Double the Poison Puffcaps in the enemy deck.',NULL,'Unit','http://dd.b.pvp.net/3_1_0/set1/en_us/img/cards/01PZ008T2.png','http://dd.b.pvp.net/3_1_0/set1/en_us/img/cards/01PZ008T2-full.png','SIXMOREVODKA','','','Set1','YORDLE',5),('01PZ009','Amateur Aeronaut',3,2,3,'',NULL,'Unit','http://dd.b.pvp.net/3_1_0/set1/en_us/img/cards/01PZ009.png','http://dd.b.pvp.net/3_1_0/set1/en_us/img/cards/01PZ009-full.png','SIXMOREVODKA','','','Set1','',1),('01PZ010','Mushroom Cloud',1,0,0,'Plant 5 Poison Puffcaps on random cards in the enemy deck.',NULL,'Spell','http://dd.b.pvp.net/3_1_0/set1/en_us/img/cards/01PZ010.png','http://dd.b.pvp.net/3_1_0/set1/en_us/img/cards/01PZ010-full.png','Kudos Productions','','Burst','Set1','',1),('01PZ012','Flame Chompers!',2,0,2,'When I\'m discarded, summon me.',NULL,'Unit','http://dd.b.pvp.net/3_1_0/set1/en_us/img/cards/01PZ012.png','http://dd.b.pvp.net/3_1_0/set1/en_us/img/cards/01PZ012-full.png','SIXMOREVODKA','','','Set1','',1),('01PZ013','Augmented Experimenter',6,3,3,'Play: Discard your hand. Draw 3. Deal 3 to an enemy.',NULL,'Unit','http://dd.b.pvp.net/3_1_0/set1/en_us/img/cards/01PZ013.png','http://dd.b.pvp.net/3_1_0/set1/en_us/img/cards/01PZ013-full.png','SIXMOREVODKA','','','Set1','',3),('01PZ013T1','Reckless Research',0,0,0,'Discard your hand. Draw 3. Deal 3 to an enemy.',NULL,'Ability','http://dd.b.pvp.net/3_1_0/set1/en_us/img/cards/01PZ013T1.png','http://dd.b.pvp.net/3_1_0/set1/en_us/img/cards/01PZ013T1-full.png','Rafael Zanchetin','','','Set1','',5),('01PZ014','Unlicensed Innovation',6,0,0,'Summon an Illegal Contraption.',NULL,'Spell','http://dd.b.pvp.net/3_1_0/set1/en_us/img/cards/01PZ014.png','http://dd.b.pvp.net/3_1_0/set1/en_us/img/cards/01PZ014-full.png','Kudos Productions','','Slow','Set1','',1),('01PZ014T1','Illegal Contraption',6,5,5,'',NULL,'Unit','http://dd.b.pvp.net/3_1_0/set1/en_us/img/cards/01PZ014T1.png','http://dd.b.pvp.net/3_1_0/set1/en_us/img/cards/01PZ014T1-full.png','SIXMOREVODKA','','','Set1','',5),('01PZ015','T-Hex',8,8,8,'',NULL,'Unit','http://dd.b.pvp.net/3_1_0/set1/en_us/img/cards/01PZ015.png','http://dd.b.pvp.net/3_1_0/set1/en_us/img/cards/01PZ015-full.png','SIXMOREVODKA','','','Set1','TECH',5),('01PZ016','Flash of Brilliance',3,0,0,'\"Create in hand a random 6+ cost spell from your regions.\nRefill your spell mana.\"',NULL,'Spell','http://dd.b.pvp.net/3_1_0/set1/en_us/img/cards/01PZ016.png','http://dd.b.pvp.net/3_1_0/set1/en_us/img/cards/01PZ016-full.png','Kudos Productions','','Burst','Set1','',1),('01PZ017','Used Cask Salesman',3,3,2,'When I\'m summoned, summon 2 Caustic Casks.',NULL,'Unit','http://dd.b.pvp.net/3_1_0/set1/en_us/img/cards/01PZ017.png','http://dd.b.pvp.net/3_1_0/set1/en_us/img/cards/01PZ017-full.png','SIXMOREVODKA','','','Set1','',1),('01PZ018','Academy Prodigy',2,3,1,'',NULL,'Unit','http://dd.b.pvp.net/3_1_0/set1/en_us/img/cards/01PZ018.png','http://dd.b.pvp.net/3_1_0/set1/en_us/img/cards/01PZ018-full.png','SIXMOREVODKA','','','Set1','',1),('01PZ019','Eager Apprentice',2,2,1,'When I\'m summoned, refill 2 spell mana.',NULL,'Unit','http://dd.b.pvp.net/3_1_0/set1/en_us/img/cards/01PZ019.png','http://dd.b.pvp.net/3_1_0/set1/en_us/img/cards/01PZ019-full.png','SIXMOREVODKA','','','Set1','',1),('01PZ020','Daring Poro',1,1,1,'',NULL,'Unit','http://dd.b.pvp.net/3_1_0/set1/en_us/img/cards/01PZ020.png','http://dd.b.pvp.net/3_1_0/set1/en_us/img/cards/01PZ020-full.png','SIXMOREVODKA','','','Set1','PORO',1),('01PZ021','Midenstokke Henchmen',5,5,4,'Nexus Strike: Summon an exact copy of me.',NULL,'Unit','http://dd.b.pvp.net/3_1_0/set1/en_us/img/cards/01PZ021.png','http://dd.b.pvp.net/3_1_0/set1/en_us/img/cards/01PZ021-full.png','SIXMOREVODKA','','','Set1','',2),('01PZ022','Poison Puffcap',0,0,0,'Deal 1 to your Nexus.',NULL,'Trap','http://dd.b.pvp.net/3_1_0/set1/en_us/img/cards/01PZ022.png','http://dd.b.pvp.net/3_1_0/set1/en_us/img/cards/01PZ022-full.png','SIXMOREVODKA','','','Set1','',5),('01PZ023','Professor von Yipp',4,2,3,'When you summon a 1 cost ally, grant it +2|+2.',NULL,'Unit','http://dd.b.pvp.net/3_1_0/set1/en_us/img/cards/01PZ023.png','http://dd.b.pvp.net/3_1_0/set1/en_us/img/cards/01PZ023-full.png','SIXMOREVODKA','','','Set1','',2),('01PZ024','Unstable Voltician',5,4,4,'Grant me +4|+0 and Quick Attack once you\'ve cast a 6+ cost spell this game.',NULL,'Unit','http://dd.b.pvp.net/3_1_0/set1/en_us/img/cards/01PZ024.png','http://dd.b.pvp.net/3_1_0/set1/en_us/img/cards/01PZ024-full.png','SIXMOREVODKA','','','Set1','',2),('01PZ025','Puffcap Peddler',3,3,3,'When you cast a spell, plant 3 Poison Puffcaps on random cards in the enemy deck.',NULL,'Unit','http://dd.b.pvp.net/3_1_0/set1/en_us/img/cards/01PZ025.png','http://dd.b.pvp.net/3_1_0/set1/en_us/img/cards/01PZ025-full.png','SIXMOREVODKA','','','Set1','',1),('01PZ026','Sumpworks Map',2,0,0,'Grant an ally Elusive.',NULL,'Spell','http://dd.b.pvp.net/3_1_0/set1/en_us/img/cards/01PZ026.png','http://dd.b.pvp.net/3_1_0/set1/en_us/img/cards/01PZ026-full.png','Kudos Productions','','Burst','Set1','',1),('01PZ027','Thermogenic Beam',0,0,0,'\"To play, spend all your mana.\nDeal that much to a unit.\"',NULL,'Spell','http://dd.b.pvp.net/3_1_0/set1/en_us/img/cards/01PZ027.png','http://dd.b.pvp.net/3_1_0/set1/en_us/img/cards/01PZ027-full.png','Max Grecke','','Slow','Set1','',2),('01PZ028','Jury-Rig',1,0,0,'When cast or discarded, summon a Scrap Scuttler.',NULL,'Spell','http://dd.b.pvp.net/3_1_0/set1/en_us/img/cards/01PZ028.png','http://dd.b.pvp.net/3_1_0/set1/en_us/img/cards/01PZ028-full.png','Kudos Productions','','Burst','Set1','',1),('01PZ029','Eminent Benefactor',4,3,3,'Last Breath: Create in hand a random 3 card from your regions.',NULL,'Unit','http://dd.b.pvp.net/3_1_0/set1/en_us/img/cards/01PZ029.png','http://dd.b.pvp.net/3_1_0/set1/en_us/img/cards/01PZ029-full.png','SIXMOREVODKA','','','Set1','',2),('01PZ030','Shady Character',4,1,3,'Play: Pick a follower. Transform me into an exact copy of it.',NULL,'Unit','http://dd.b.pvp.net/3_1_0/set1/en_us/img/cards/01PZ030.png','http://dd.b.pvp.net/3_1_0/set1/en_us/img/cards/01PZ030-full.png','SIXMOREVODKA','','','Set1','YORDLE',2),('01PZ030T1','Impersonate',0,0,0,'Pick a follower. Transform me into an exact copy of it.',NULL,'Ability','http://dd.b.pvp.net/3_1_0/set1/en_us/img/cards/01PZ030T1.png','http://dd.b.pvp.net/3_1_0/set1/en_us/img/cards/01PZ030T1-full.png','Kudos Productions','','','Set1','',5),('01PZ031','Statikk Shock',4,0,0,'\"Deal 1 to an enemy or the enemy Nexus, and 1 to another.\nDraw 1.\"',NULL,'Spell','http://dd.b.pvp.net/3_1_0/set1/en_us/img/cards/01PZ031.png','http://dd.b.pvp.net/3_1_0/set1/en_us/img/cards/01PZ031-full.png','Kudos Productions','','Fast','Set1','',2),('01PZ032','Scrap Scuttler',1,1,1,'',NULL,'Unit','http://dd.b.pvp.net/3_1_0/set1/en_us/img/cards/01PZ032.png','http://dd.b.pvp.net/3_1_0/set1/en_us/img/cards/01PZ032-full.png','SIXMOREVODKA','','','Set1','',5),('01PZ033','Purrsuit of Perfection',5,0,0,'If you\'ve played 20 cards with different names this game, summon Catastrophe. ',NULL,'Spell','http://dd.b.pvp.net/3_1_0/set1/en_us/img/cards/01PZ033.png','http://dd.b.pvp.net/3_1_0/set1/en_us/img/cards/01PZ033-full.png','Kudos Productions','','Slow','Set1','',3),('01PZ033T1','Catastrophe',1,30,30,'',NULL,'Unit','http://dd.b.pvp.net/3_1_0/set1/en_us/img/cards/01PZ033T1.png','http://dd.b.pvp.net/3_1_0/set1/en_us/img/cards/01PZ033T1-full.png','SIXMOREVODKA','','','Set1','',5),('01PZ034','Sumpsnipe Scavenger',4,4,3,'Allegiance: Create a Sumpworks Map in hand. It costs 0 this round.',NULL,'Unit','http://dd.b.pvp.net/3_1_0/set1/en_us/img/cards/01PZ034.png','http://dd.b.pvp.net/3_1_0/set1/en_us/img/cards/01PZ034-full.png','SIXMOREVODKA','','','Set1','',2),('01PZ035','Jae Medarda',6,5,5,'When I\'m targeted and survive, draw 1.',NULL,'Unit','http://dd.b.pvp.net/3_1_0/set1/en_us/img/cards/01PZ035.png','http://dd.b.pvp.net/3_1_0/set1/en_us/img/cards/01PZ035-full.png','SIXMOREVODKA','','','Set1','',3),('01PZ036','Ezreal',3,1,3,'Nexus Strike: Create a Fleeting Mystic Shot in hand.',NULL,'Unit','http://dd.b.pvp.net/3_1_0/set1/en_us/img/cards/01PZ036.png','http://dd.b.pvp.net/3_1_0/set1/en_us/img/cards/01PZ036-full.png','SIXMOREVODKA','You\'ve targeted enemies 6+ times.','','Set1','',4),('01PZ036T1','Ezreal',3,2,4,'\"Nexus Strike: Create a Fleeting Mystic Shot in hand.\nWhen you cast a spell, deal 1 to the enemy Nexus. If it targeted an enemy, deal 2 to the enemy Nexus instead.\"',NULL,'Unit','http://dd.b.pvp.net/3_1_0/set1/en_us/img/cards/01PZ036T1.png','http://dd.b.pvp.net/3_1_0/set1/en_us/img/cards/01PZ036T1-full.png','SIXMOREVODKA','','','Set1','',5),('01PZ036T2','Ezreal\'s Mystic Shot',2,0,0,'\"Deal 2 to anything.\nCreate an Ezreal in your deck.\"',NULL,'Spell','http://dd.b.pvp.net/3_1_0/set1/en_us/img/cards/01PZ036T2.png','http://dd.b.pvp.net/3_1_0/set1/en_us/img/cards/01PZ036T2-full.png','Max Grecke','','Fast','Set1','',5),('01PZ038','Sump Dredger',3,4,3,'Play: Discard a card to draw 1.',NULL,'Unit','http://dd.b.pvp.net/3_1_0/set1/en_us/img/cards/01PZ038.png','http://dd.b.pvp.net/3_1_0/set1/en_us/img/cards/01PZ038-full.png','SIXMOREVODKA','','','Set1','',1),('01PZ039','Get Excited!',3,0,0,'\"To play, discard 1.\nDeal 3 to anything.\"',NULL,'Spell','http://dd.b.pvp.net/3_1_0/set1/en_us/img/cards/01PZ039.png','http://dd.b.pvp.net/3_1_0/set1/en_us/img/cards/01PZ039-full.png','Original Force','','Fast','Set1','',2),('01PZ040','Jinx',4,4,3,'',NULL,'Unit','http://dd.b.pvp.net/3_1_0/set1/en_us/img/cards/01PZ040.png','http://dd.b.pvp.net/3_1_0/set1/en_us/img/cards/01PZ040-full.png','SIXMOREVODKA','I see your hand is empty.','','Set1','',4),('01PZ040T1','Jinx',4,5,4,'\"Round Start: Draw 1.\nEach round, the first time you empty your hand, create a Super Mega Death Rocket! in hand.\"',NULL,'Unit','http://dd.b.pvp.net/3_1_0/set1/en_us/img/cards/01PZ040T1.png','http://dd.b.pvp.net/3_1_0/set1/en_us/img/cards/01PZ040T1-full.png','SIXMOREVODKA','','','Set1','',5),('01PZ040T2','Super Mega Death Rocket!',1,0,0,'Deal 4 to the enemy nexus and 1 to all enemies.',NULL,'Spell','http://dd.b.pvp.net/3_1_0/set1/en_us/img/cards/01PZ040T2.png','http://dd.b.pvp.net/3_1_0/set1/en_us/img/cards/01PZ040T2-full.png','Ben Skutt','','Slow','Set1','',5),('01PZ040T3','Jinx\'s Get Excited!',3,0,0,'\"To play, discard 1. Deal 3 to anything.\nCreate a Jinx in your deck.\"',NULL,'Spell','http://dd.b.pvp.net/3_1_0/set1/en_us/img/cards/01PZ040T3.png','http://dd.b.pvp.net/3_1_0/set1/en_us/img/cards/01PZ040T3-full.png','Original Force','','Fast','Set1','',5),('01PZ042','Intrepid Mariner',2,1,3,'Support: Give my supported ally Elusive this round.',NULL,'Unit','http://dd.b.pvp.net/3_1_0/set1/en_us/img/cards/01PZ042.png','http://dd.b.pvp.net/3_1_0/set1/en_us/img/cards/01PZ042-full.png','SIXMOREVODKA','','','Set1','',2),('01PZ043','Chempunk Pickpocket',2,3,2,'Nexus Strike: Create in hand an exact copy of a random spell from the enemy\'s deck.',NULL,'Unit','http://dd.b.pvp.net/3_1_0/set1/en_us/img/cards/01PZ043.png','http://dd.b.pvp.net/3_1_0/set1/en_us/img/cards/01PZ043-full.png','SIXMOREVODKA','','','Set1','',2),('01PZ044','Chempunk Shredder',5,5,2,'Play: Deal 1 to all enemies.',NULL,'Unit','http://dd.b.pvp.net/3_1_0/set1/en_us/img/cards/01PZ044.png','http://dd.b.pvp.net/3_1_0/set1/en_us/img/cards/01PZ044-full.png','SIXMOREVODKA','','','Set1','',2),('01PZ044T2','Face-Melter',0,0,0,'Deal 1 to all enemies.',NULL,'Ability','http://dd.b.pvp.net/3_1_0/set1/en_us/img/cards/01PZ044T2.png','http://dd.b.pvp.net/3_1_0/set1/en_us/img/cards/01PZ044T2-full.png','Max Grecke','','','Set1','',5),('01PZ045','Zaunite Urchin',1,2,1,'Play: Discard a card to draw 1.',NULL,'Unit','http://dd.b.pvp.net/3_1_0/set1/en_us/img/cards/01PZ045.png','http://dd.b.pvp.net/3_1_0/set1/en_us/img/cards/01PZ045-full.png','SIXMOREVODKA','','','Set1','',1),('01PZ046','Counterfeit Copies',1,0,0,'Pick a card in hand. Create 4 exact copies of it in your deck.',NULL,'Spell','http://dd.b.pvp.net/3_1_0/set1/en_us/img/cards/01PZ046.png','http://dd.b.pvp.net/3_1_0/set1/en_us/img/cards/01PZ046-full.png','Kudos Productions','','Burst','Set1','',2),('01PZ047','Caustic Cask',0,0,1,'Last Breath: Deal 1 to EACH Nexus.',NULL,'Unit','http://dd.b.pvp.net/3_1_0/set1/en_us/img/cards/01PZ047.png','http://dd.b.pvp.net/3_1_0/set1/en_us/img/cards/01PZ047-full.png','SIXMOREVODKA','','','Set1','',1),('01PZ048','Corina Veraza',9,8,8,'Play: Obliterate the top 5 cards of your deck to deal 1 to all enemies and the enemy Nexus for each spell obliterated.',NULL,'Unit','http://dd.b.pvp.net/3_1_0/set1/en_us/img/cards/01PZ048.png','http://dd.b.pvp.net/3_1_0/set1/en_us/img/cards/01PZ048-full.png','SIXMOREVODKA','','','Set1','',3),('01PZ048T1','Magnum Opus',0,0,0,'Obliterate the top 5 cards of your deck to deal 1 to all enemies and the enemy Nexus for each spell obliterated.',NULL,'Ability','http://dd.b.pvp.net/3_1_0/set1/en_us/img/cards/01PZ048T1.png','http://dd.b.pvp.net/3_1_0/set1/en_us/img/cards/01PZ048T1-full.png','Kudos Productions','','','Set1','',5),('01PZ049','Progress Day!',8,0,0,'Draw 3, then reduce those cards\' costs by 1.',NULL,'Spell','http://dd.b.pvp.net/3_1_0/set1/en_us/img/cards/01PZ049.png','http://dd.b.pvp.net/3_1_0/set1/en_us/img/cards/01PZ049-full.png','Kudos Productions','','Burst','Set1','',3),('01PZ050','Rising Spell Force',3,0,0,'Give an ally +4|+0 and Quick Attack this round.',NULL,'Spell','http://dd.b.pvp.net/3_1_0/set1/en_us/img/cards/01PZ050.png','http://dd.b.pvp.net/3_1_0/set1/en_us/img/cards/01PZ050-full.png','Original Force','','Burst','Set1','',1),('01PZ051','Funsmith',4,1,3,'All of your spells and skills deal 1 extra damage.',NULL,'Unit','http://dd.b.pvp.net/3_1_0/set1/en_us/img/cards/01PZ051.png','http://dd.b.pvp.net/3_1_0/set1/en_us/img/cards/01PZ051-full.png','SIXMOREVODKA','','','Set1','',2),('01PZ052','Mystic Shot',2,0,0,'Deal 2 to anything.',NULL,'Spell','http://dd.b.pvp.net/3_1_0/set1/en_us/img/cards/01PZ052.png','http://dd.b.pvp.net/3_1_0/set1/en_us/img/cards/01PZ052-full.png','Max Grecke','','Fast','Set1','',1),('01PZ053','Clump of Whumps',2,2,2,'When I\'m summoned, create a Mushroom Cloud in hand.',NULL,'Unit','http://dd.b.pvp.net/3_1_0/set1/en_us/img/cards/01PZ053.png','http://dd.b.pvp.net/3_1_0/set1/en_us/img/cards/01PZ053-full.png','SIXMOREVODKA','','','Set1','',1),('01PZ054','Boomcrew Rookie',2,1,3,'Attack: Deal 2 to the enemy Nexus.',NULL,'Unit','http://dd.b.pvp.net/3_1_0/set1/en_us/img/cards/01PZ054.png','http://dd.b.pvp.net/3_1_0/set1/en_us/img/cards/01PZ054-full.png','SIXMOREVODKA','','','Set1','',1),('01PZ054T1','Undermine',0,0,0,'Deal 2 to the enemy Nexus.',NULL,'Ability','http://dd.b.pvp.net/3_1_0/set1/en_us/img/cards/01PZ054T1.png','http://dd.b.pvp.net/3_1_0/set1/en_us/img/cards/01PZ054T1-full.png','Kudos Productions','','','Set1','',5),('01PZ055','Astute Academic',1,1,2,'When you draw a card, give me +1|+0 this round.',NULL,'Unit','http://dd.b.pvp.net/3_1_0/set1/en_us/img/cards/01PZ055.png','http://dd.b.pvp.net/3_1_0/set1/en_us/img/cards/01PZ055-full.png','SIXMOREVODKA','','','Set1','',1),('01PZ056','Heimerdinger',5,2,4,'When you cast a spell, create a Fleeting Turret in hand with equal cost. It costs 0.',NULL,'Unit','http://dd.b.pvp.net/3_1_0/set1/en_us/img/cards/01PZ056.png','http://dd.b.pvp.net/3_1_0/set1/en_us/img/cards/01PZ056-full.png','SIXMOREVODKA','I\'ve seen you summon 12+ Power of Tech allies.','','Set1','YORDLE',4),('01PZ056T1','Mk0: Windup Shredder',0,0,1,'',NULL,'Unit','http://dd.b.pvp.net/3_1_0/set1/en_us/img/cards/01PZ056T1.png','http://dd.b.pvp.net/3_1_0/set1/en_us/img/cards/01PZ056T1-full.png','SIXMOREVODKA','','','Set1','TECH',5),('01PZ056T10','Heimerdinger',5,3,5,'When you cast a spell, create a Fleeting Turret in hand with equal cost. Grant it +1|+1 and it costs 0.',NULL,'Unit','http://dd.b.pvp.net/3_1_0/set1/en_us/img/cards/01PZ056T10.png','http://dd.b.pvp.net/3_1_0/set1/en_us/img/cards/01PZ056T10-full.png','SIXMOREVODKA','','','Set1','YORDLE',5),('01PZ056T2','Mk5: Rocket Blaster',5,5,1,'',NULL,'Unit','http://dd.b.pvp.net/3_1_0/set1/en_us/img/cards/01PZ056T2.png','http://dd.b.pvp.net/3_1_0/set1/en_us/img/cards/01PZ056T2-full.png','SIXMOREVODKA','','','Set1','TECH',5),('01PZ056T3','Heimerdinger\'s Progress Day!',8,0,0,'\"Draw 3, then reduce those cards\' costs by 1.\nCreate a Heimerdinger in your deck.\"',NULL,'Spell','http://dd.b.pvp.net/3_1_0/set1/en_us/img/cards/01PZ056T3.png','http://dd.b.pvp.net/3_1_0/set1/en_us/img/cards/01PZ056T3-full.png','Kudos Productions','','Burst','Set1','',5),('01PZ056T4','Mk1: Wrenchbot',1,1,1,'',NULL,'Unit','http://dd.b.pvp.net/3_1_0/set1/en_us/img/cards/01PZ056T4.png','http://dd.b.pvp.net/3_1_0/set1/en_us/img/cards/01PZ056T4-full.png','SIXMOREVODKA','','','Set1','TECH',5),('01PZ056T5','Mk7: Armored Stomper',7,7,1,'',NULL,'Unit','http://dd.b.pvp.net/3_1_0/set1/en_us/img/cards/01PZ056T5.png','http://dd.b.pvp.net/3_1_0/set1/en_us/img/cards/01PZ056T5-full.png','SIXMOREVODKA','','','Set1','TECH',5),('01PZ056T6','Mk6: Floor-B-Gone',6,6,1,'',NULL,'Unit','http://dd.b.pvp.net/3_1_0/set1/en_us/img/cards/01PZ056T6.png','http://dd.b.pvp.net/3_1_0/set1/en_us/img/cards/01PZ056T6-full.png','SIXMOREVODKA','','','Set1','TECH',5),('01PZ056T7','Mk2: Evolution Turret',2,2,1,'',NULL,'Unit','http://dd.b.pvp.net/3_1_0/set1/en_us/img/cards/01PZ056T7.png','http://dd.b.pvp.net/3_1_0/set1/en_us/img/cards/01PZ056T7-full.png','SIXMOREVODKA','','','Set1','TECH',5),('01PZ056T8','Mk3: Apex Turret',3,3,1,'',NULL,'Unit','http://dd.b.pvp.net/3_1_0/set1/en_us/img/cards/01PZ056T8.png','http://dd.b.pvp.net/3_1_0/set1/en_us/img/cards/01PZ056T8-full.png','SIXMOREVODKA','','','Set1','TECH',5),('01PZ056T9','Mk4: Stormlobber',4,4,1,'',NULL,'Unit','http://dd.b.pvp.net/3_1_0/set1/en_us/img/cards/01PZ056T9.png','http://dd.b.pvp.net/3_1_0/set1/en_us/img/cards/01PZ056T9-full.png','SIXMOREVODKA','','','Set1','TECH',5),('01PZ057','Scrapdash Assembly',2,0,0,'Summon 2 Scrap Scuttlers.',NULL,'Spell','http://dd.b.pvp.net/3_1_0/set1/en_us/img/cards/01PZ057.png','http://dd.b.pvp.net/3_1_0/set1/en_us/img/cards/01PZ057-full.png','Kudos Productions','','Slow','Set1','',1),('01PZ058','Chump Whump',4,4,4,'When I\'m summoned, create 2 Mushroom Clouds in hand.',NULL,'Unit','http://dd.b.pvp.net/3_1_0/set1/en_us/img/cards/01PZ058.png','http://dd.b.pvp.net/3_1_0/set1/en_us/img/cards/01PZ058-full.png','SIXMOREVODKA','','','Set1','YORDLE',2),('01PZ059','Golden Crushbot',3,2,5,'',NULL,'Unit','http://dd.b.pvp.net/3_1_0/set1/en_us/img/cards/01PZ059.png','http://dd.b.pvp.net/3_1_0/set1/en_us/img/cards/01PZ059-full.png','Dao Le','','','Set1','TECH',1),('01PZ060','Accelerated Purrsuit',5,0,0,'If you\'ve played 15 cards with different names this game, summon Catastrophe. ',NULL,'Spell','http://dd.b.pvp.net/3_1_0/set1/en_us/img/cards/01PZ060.png','http://dd.b.pvp.net/3_1_0/set1/en_us/img/cards/01PZ060-full.png','Kudos Productions','','Slow','Set1','',3),('01SI001','Vengeance',6,0,0,'Kill a unit.',NULL,'Spell','http://dd.b.pvp.net/3_1_0/set1/en_us/img/cards/01SI001.png','http://dd.b.pvp.net/3_1_0/set1/en_us/img/cards/01SI001-full.png','Max Grecke','','Fast','Set1','',1),('01SI002','Spiderling',1,1,1,'',NULL,'Unit','http://dd.b.pvp.net/3_1_0/set1/en_us/img/cards/01SI002.png','http://dd.b.pvp.net/3_1_0/set1/en_us/img/cards/01SI002-full.png','SIXMOREVODKA','','','Set1','SPIDER',5),('01SI003','The Harrowing',9,0,0,'Revive the 6 strongest allies that died this game and grant them Ephemeral.',NULL,'Spell','http://dd.b.pvp.net/3_1_0/set1/en_us/img/cards/01SI003.png','http://dd.b.pvp.net/3_1_0/set1/en_us/img/cards/01SI003-full.png','Rafael Zanchetin','','Slow','Set1','',3),('01SI004','Darkwater Scourge',3,5,5,'',NULL,'Unit','http://dd.b.pvp.net/3_1_0/set1/en_us/img/cards/01SI004.png','http://dd.b.pvp.net/3_1_0/set1/en_us/img/cards/01SI004-full.png','SIXMOREVODKA','','','Set1','',1),('01SI005','Scuttlegeist',10,5,5,'Reduce my cost by 1 for each ally that died this game.',NULL,'Unit','http://dd.b.pvp.net/3_1_0/set1/en_us/img/cards/01SI005.png','http://dd.b.pvp.net/3_1_0/set1/en_us/img/cards/01SI005-full.png','SIXMOREVODKA','','','Set1','',2),('01SI006','Possession',5,0,0,'Steal an enemy follower this round. (Can\'t play if you have 6 allies or landmarks already.)',NULL,'Spell','http://dd.b.pvp.net/3_1_0/set1/en_us/img/cards/01SI006.png','http://dd.b.pvp.net/3_1_0/set1/en_us/img/cards/01SI006-full.png','Kudos Productions','','Slow','Set1','',2),('01SI007','Haunted Relic',2,0,0,'Summon 3 Unleashed Spirits.',NULL,'Spell','http://dd.b.pvp.net/3_1_0/set1/en_us/img/cards/01SI007.png','http://dd.b.pvp.net/3_1_0/set1/en_us/img/cards/01SI007-full.png','Kudos Productions','','Slow','Set1','',1),('01SI007T1','Unleashed Spirit',1,1,1,'',NULL,'Unit','http://dd.b.pvp.net/3_1_0/set1/en_us/img/cards/01SI007T1.png','http://dd.b.pvp.net/3_1_0/set1/en_us/img/cards/01SI007T1-full.png','SIXMOREVODKA','','','Set1','',5),('01SI009','Stirred Spirits',2,3,2,'Support: Grant my supported ally +2|+0 and Ephemeral.',NULL,'Unit','http://dd.b.pvp.net/3_1_0/set1/en_us/img/cards/01SI009.png','http://dd.b.pvp.net/3_1_0/set1/en_us/img/cards/01SI009-full.png','SIXMOREVODKA','','','Set1','',1),('01SI010','Onslaught of Shadows',2,0,0,'Summon 2 Spectral Riders.',NULL,'Spell','http://dd.b.pvp.net/3_1_0/set1/en_us/img/cards/01SI010.png','http://dd.b.pvp.net/3_1_0/set1/en_us/img/cards/01SI010-full.png','Kudos Productions','','Slow','Set1','',1),('01SI011','Ravenous Butcher',0,3,2,'To play me, kill an ally.',NULL,'Unit','http://dd.b.pvp.net/3_1_0/set1/en_us/img/cards/01SI011.png','http://dd.b.pvp.net/3_1_0/set1/en_us/img/cards/01SI011-full.png','SIXMOREVODKA','','','Set1','',1),('01SI012','Oblivious Islander',1,2,1,'Play: Grant an ally in hand Ephemeral and reduce its cost by 1.',NULL,'Unit','http://dd.b.pvp.net/3_1_0/set1/en_us/img/cards/01SI012.png','http://dd.b.pvp.net/3_1_0/set1/en_us/img/cards/01SI012-full.png','SIXMOREVODKA','','','Set1','',1),('01SI014','Mistwraith',2,2,2,'When I\'m summoned, grant other allied Mistwraiths everywhere +1|+0.',NULL,'Unit','http://dd.b.pvp.net/3_1_0/set1/en_us/img/cards/01SI014.png','http://dd.b.pvp.net/3_1_0/set1/en_us/img/cards/01SI014-full.png','SIXMOREVODKA','','','Set1','',1),('01SI015','The Ruination',9,0,0,'Kill ALL units.',NULL,'Spell','http://dd.b.pvp.net/3_1_0/set1/en_us/img/cards/01SI015.png','http://dd.b.pvp.net/3_1_0/set1/en_us/img/cards/01SI015-full.png','Oliver Chipping','','Slow','Set1','',3),('01SI016','Wraithcaller',4,4,3,'Allegiance: Summon a Mistwraith.',NULL,'Unit','http://dd.b.pvp.net/3_1_0/set1/en_us/img/cards/01SI016.png','http://dd.b.pvp.net/3_1_0/set1/en_us/img/cards/01SI016-full.png','SIXMOREVODKA','','','Set1','',2),('01SI018','Scribe of Sorrows',3,2,3,'When I\'m summoned, create a copy in hand of an ally that died this game.',NULL,'Unit','http://dd.b.pvp.net/3_1_0/set1/en_us/img/cards/01SI018.png','http://dd.b.pvp.net/3_1_0/set1/en_us/img/cards/01SI018-full.png','SIXMOREVODKA','','','Set1','',1),('01SI019','The Box',4,0,0,'Deal 3 to each enemy that was summoned this round.',NULL,'Spell','http://dd.b.pvp.net/3_1_0/set1/en_us/img/cards/01SI019.png','http://dd.b.pvp.net/3_1_0/set1/en_us/img/cards/01SI019-full.png','Kudos Productions','','Fast','Set1','',2),('01SI020','The Rekindler',7,4,4,'When I\'m summoned, revive the strongest dead allied 4.',NULL,'Unit','http://dd.b.pvp.net/3_1_0/set1/en_us/img/cards/01SI020.png','http://dd.b.pvp.net/3_1_0/set1/en_us/img/cards/01SI020-full.png','SIXMOREVODKA','','','Set1','',2),('01SI021','Shark Chariot',2,3,1,'Last Breath: The next time an Ephemeral ally attacks, revive me attacking.',NULL,'Unit','http://dd.b.pvp.net/3_1_0/set1/en_us/img/cards/01SI021.png','http://dd.b.pvp.net/3_1_0/set1/en_us/img/cards/01SI021-full.png','SIXMOREVODKA','','','Set1','',2),('01SI022','Mark of the Isles',1,0,0,'Grant an ally +2|+2 and Ephemeral.',NULL,'Spell','http://dd.b.pvp.net/3_1_0/set1/en_us/img/cards/01SI022.png','http://dd.b.pvp.net/3_1_0/set1/en_us/img/cards/01SI022-full.png','Kudos Productions','','Burst','Set1','',1),('01SI023','Soul Shepherd',2,2,3,'When you summon an Ephemeral ally, grant it +1|+1.',NULL,'Unit','http://dd.b.pvp.net/3_1_0/set1/en_us/img/cards/01SI023.png','http://dd.b.pvp.net/3_1_0/set1/en_us/img/cards/01SI023-full.png','SIXMOREVODKA','','','Set1','',1),('01SI024','Spectral Rider',2,2,2,'',NULL,'Unit','http://dd.b.pvp.net/3_1_0/set1/en_us/img/cards/01SI024.png','http://dd.b.pvp.net/3_1_0/set1/en_us/img/cards/01SI024-full.png','SIXMOREVODKA','','','Set1','',5),('01SI025','Atrocity',7,0,0,'Kill an ally to deal damage equal to its Power to anything.',NULL,'Spell','http://dd.b.pvp.net/3_1_0/set1/en_us/img/cards/01SI025.png','http://dd.b.pvp.net/3_1_0/set1/en_us/img/cards/01SI025-full.png','Kudos Productions','','Fast','Set1','',2),('01SI026','Warden\'s Prey',1,1,1,'Last Breath: Create in hand another random Last Breath follower that costs 3 or less.',NULL,'Unit','http://dd.b.pvp.net/3_1_0/set1/en_us/img/cards/01SI026.png','http://dd.b.pvp.net/3_1_0/set1/en_us/img/cards/01SI026-full.png','SIXMOREVODKA','','','Set1','',1),('01SI027','Fresh Offerings',3,0,0,'\"If 3+ allies have died this round, summon Vilemaw.\n\"',NULL,'Spell','http://dd.b.pvp.net/3_1_0/set1/en_us/img/cards/01SI027.png','http://dd.b.pvp.net/3_1_0/set1/en_us/img/cards/01SI027-full.png','Kudos Productions','','Slow','Set1','',2),('01SI027T1','Vilemaw',3,6,6,'',NULL,'Unit','http://dd.b.pvp.net/3_1_0/set1/en_us/img/cards/01SI027T1.png','http://dd.b.pvp.net/3_1_0/set1/en_us/img/cards/01SI027T1-full.png','SIXMOREVODKA','','','Set1','SPIDER',5),('01SI028','Splinter Soul',3,0,0,'Summon an exact copy of an ally. It\'s Ephemeral and 1|1.',NULL,'Spell','http://dd.b.pvp.net/3_1_0/set1/en_us/img/cards/01SI028.png','http://dd.b.pvp.net/3_1_0/set1/en_us/img/cards/01SI028-full.png','Max Grecke','','Slow','Set1','',2),('01SI029','Withering Wail',5,0,0,'Deal 1 to all enemies. Heal your Nexus 3.',NULL,'Spell','http://dd.b.pvp.net/3_1_0/set1/en_us/img/cards/01SI029.png','http://dd.b.pvp.net/3_1_0/set1/en_us/img/cards/01SI029-full.png','Kudos Productions','','Fast','Set1','',1),('01SI030','Kalista',3,4,3,'',NULL,'Unit','http://dd.b.pvp.net/3_1_0/set1/en_us/img/cards/01SI030.png','http://dd.b.pvp.net/3_1_0/set1/en_us/img/cards/01SI030-full.png','SIXMOREVODKA','I\'ve seen 3+ allies die.','','Set1','',4),('01SI030T1','Kalista\'s Black Spear',3,0,0,'\"If an ally died this round, deal 4 to a unit.\nCreate a Kalista in your deck.\"',NULL,'Spell','http://dd.b.pvp.net/3_1_0/set1/en_us/img/cards/01SI030T1.png','http://dd.b.pvp.net/3_1_0/set1/en_us/img/cards/01SI030T1-full.png','Wild Blue Studios','','Fast','Set1','',5),('01SI030T2','Kalista',3,5,4,'Each round, the first time I attack revive an attacking Ephemeral copy of the strongest dead allied follower. This round, we\'re bonded and it takes damage for me.',NULL,'Unit','http://dd.b.pvp.net/3_1_0/set1/en_us/img/cards/01SI030T2.png','http://dd.b.pvp.net/3_1_0/set1/en_us/img/cards/01SI030T2-full.png','SIXMOREVODKA','','','Set1','',5),('01SI031','Iron Harbinger',3,2,4,'Attack: Grant me +1|+0 for each Ephemeral ally you have.',NULL,'Unit','http://dd.b.pvp.net/3_1_0/set1/en_us/img/cards/01SI031.png','http://dd.b.pvp.net/3_1_0/set1/en_us/img/cards/01SI031-full.png','SIXMOREVODKA','','','Set1','',2),('01SI032','Chronicler of Ruin',4,3,3,'Play: Kill an ally, then revive it.',NULL,'Unit','http://dd.b.pvp.net/3_1_0/set1/en_us/img/cards/01SI032.png','http://dd.b.pvp.net/3_1_0/set1/en_us/img/cards/01SI032-full.png','SIXMOREVODKA','','','Set1','',1),('01SI033','Commander Ledros',9,9,6,'\"Play: Deal damage to the enemy Nexus equal to half its Health, rounded up.\nLast Breath: Return me to hand.\"',NULL,'Unit','http://dd.b.pvp.net/3_1_0/set1/en_us/img/cards/01SI033.png','http://dd.b.pvp.net/3_1_0/set1/en_us/img/cards/01SI033-full.png','SIXMOREVODKA','','','Set1','',3),('01SI033T1','Blade of Ledros',0,0,0,'Deal damage to the enemy Nexus equal to half its Health, rounded up.',NULL,'Ability','http://dd.b.pvp.net/3_1_0/set1/en_us/img/cards/01SI033T1.png','http://dd.b.pvp.net/3_1_0/set1/en_us/img/cards/01SI033T1-full.png','Kudos Productions','','','Set1','',5),('01SI034','Black Spear',3,0,0,'If an ally died this round, deal 4 to a unit.',NULL,'Spell','http://dd.b.pvp.net/3_1_0/set1/en_us/img/cards/01SI034.png','http://dd.b.pvp.net/3_1_0/set1/en_us/img/cards/01SI034-full.png','Wild Blue Studios','','Fast','Set1','',1),('01SI035','Rhasa the Sunderer',8,8,6,'Play: Kill the 2 weakest enemies if an ally died this round.',NULL,'Unit','http://dd.b.pvp.net/3_1_0/set1/en_us/img/cards/01SI035.png','http://dd.b.pvp.net/3_1_0/set1/en_us/img/cards/01SI035-full.png','SIXMOREVODKA','','','Set1','',3),('01SI035T1','Night Harvest',0,0,0,'Kill the 2 Weakest enemies if an ally died this round.',NULL,'Ability','http://dd.b.pvp.net/3_1_0/set1/en_us/img/cards/01SI035T1.png','http://dd.b.pvp.net/3_1_0/set1/en_us/img/cards/01SI035T1-full.png','Kudos Productions','','','Set1','',5),('01SI036','Crawling Sensation',1,0,0,'If an ally died this round, summon 2 Spiderlings.',NULL,'Spell','http://dd.b.pvp.net/3_1_0/set1/en_us/img/cards/01SI036.png','http://dd.b.pvp.net/3_1_0/set1/en_us/img/cards/01SI036-full.png','Kudos Productions','','Slow','Set1','',1),('01SI037','Sinister Poro',1,1,1,'',NULL,'Unit','http://dd.b.pvp.net/3_1_0/set1/en_us/img/cards/01SI037.png','http://dd.b.pvp.net/3_1_0/set1/en_us/img/cards/01SI037-full.png','SIXMOREVODKA','','','Set1','PORO',1),('01SI038','Phantom Prankster',3,0,3,'When another ally dies, deal 1 to the enemy Nexus.',NULL,'Unit','http://dd.b.pvp.net/3_1_0/set1/en_us/img/cards/01SI038.png','http://dd.b.pvp.net/3_1_0/set1/en_us/img/cards/01SI038-full.png','SIXMOREVODKA','','','Set1','',2),('01SI039','Arachnoid Horror',2,3,2,'',NULL,'Unit','http://dd.b.pvp.net/3_1_0/set1/en_us/img/cards/01SI039.png','http://dd.b.pvp.net/3_1_0/set1/en_us/img/cards/01SI039-full.png','SIXMOREVODKA','','','Set1','SPIDER',1),('01SI040','Vile Feast',2,0,0,'Drain 1 from a unit to summon a Spiderling.',NULL,'Spell','http://dd.b.pvp.net/3_1_0/set1/en_us/img/cards/01SI040.png','http://dd.b.pvp.net/3_1_0/set1/en_us/img/cards/01SI040-full.png','Kudos Productions','','Fast','Set1','',1),('01SI041','The Undying',3,2,2,'Last Breath: Revive me at the next Round Start and grant me +1|+1 for each time I\'ve died. ',NULL,'Unit','http://dd.b.pvp.net/3_1_0/set1/en_us/img/cards/01SI041.png','http://dd.b.pvp.net/3_1_0/set1/en_us/img/cards/01SI041-full.png','SIXMOREVODKA','','','Set1','',3),('01SI042','Hecarim',6,5,6,'Attack: Summon 2 attacking Spectral Riders.',NULL,'Unit','http://dd.b.pvp.net/3_1_0/set1/en_us/img/cards/01SI042.png','http://dd.b.pvp.net/3_1_0/set1/en_us/img/cards/01SI042-full.png','SIXMOREVODKA','You\'ve attacked with 7+ Ephemeral allies.','','Set1','',4),('01SI042T1','Hecarim',6,6,7,'\"Ephemeral allies have +3|+0.\nAttack: Summon 2 attacking Spectral Riders.\"',NULL,'Unit','http://dd.b.pvp.net/3_1_0/set1/en_us/img/cards/01SI042T1.png','http://dd.b.pvp.net/3_1_0/set1/en_us/img/cards/01SI042T1-full.png','SIXMOREVODKA','','','Set1','',5),('01SI042T2','Hecarim\'s Onslaught of Shadows',2,0,0,'\"Summon 2 Spectral Riders.\nCreate a Hecarim in your deck.\"',NULL,'Spell','http://dd.b.pvp.net/3_1_0/set1/en_us/img/cards/01SI042T2.png','http://dd.b.pvp.net/3_1_0/set1/en_us/img/cards/01SI042T2-full.png','Kudos Productions','','Slow','Set1','',5),('01SI043','Hapless Aristocrat',1,1,1,'Last Breath: Summon a Spiderling.',NULL,'Unit','http://dd.b.pvp.net/3_1_0/set1/en_us/img/cards/01SI043.png','http://dd.b.pvp.net/3_1_0/set1/en_us/img/cards/01SI043-full.png','SIXMOREVODKA','','','Set1','',1),('01SI044','Spectral Matron',8,6,6,'Play: Pick an ally in hand. Summon an exact copy of it. It\'s Ephemeral.',NULL,'Unit','http://dd.b.pvp.net/3_1_0/set1/en_us/img/cards/01SI044.png','http://dd.b.pvp.net/3_1_0/set1/en_us/img/cards/01SI044-full.png','SIXMOREVODKA','','','Set1','',3),('01SI045','Absorb Soul',1,0,0,'Drain 4 from an ally.',NULL,'Spell','http://dd.b.pvp.net/3_1_0/set1/en_us/img/cards/01SI045.png','http://dd.b.pvp.net/3_1_0/set1/en_us/img/cards/01SI045-full.png','Kudos Productions','','Fast','Set1','',1),('01SI046','Mist\'s Call',3,0,0,'Revive a random ally that died this round.',NULL,'Spell','http://dd.b.pvp.net/3_1_0/set1/en_us/img/cards/01SI046.png','http://dd.b.pvp.net/3_1_0/set1/en_us/img/cards/01SI046-full.png','Rafael Zanchetin','','Fast','Set1','',1),('01SI047','Fading Memories',0,0,0,'Pick a follower. Create an Ephemeral copy of it in hand.',NULL,'Spell','http://dd.b.pvp.net/3_1_0/set1/en_us/img/cards/01SI047.png','http://dd.b.pvp.net/3_1_0/set1/en_us/img/cards/01SI047-full.png','Kudos Productions','','Burst','Set1','',2),('01SI048','Cursed Keeper',2,1,1,'Last Breath: Summon an Escaped Abomination.',NULL,'Unit','http://dd.b.pvp.net/3_1_0/set1/en_us/img/cards/01SI048.png','http://dd.b.pvp.net/3_1_0/set1/en_us/img/cards/01SI048-full.png','SIXMOREVODKA','','','Set1','',1),('01SI048T1','Escaped Abomination',2,4,2,'',NULL,'Unit','http://dd.b.pvp.net/3_1_0/set1/en_us/img/cards/01SI048T1.png','http://dd.b.pvp.net/3_1_0/set1/en_us/img/cards/01SI048T1-full.png','SIXMOREVODKA','','','Set1','',5),('01SI049','Glimpse Beyond',2,0,0,'Kill an ally to draw 2.',NULL,'Spell','http://dd.b.pvp.net/3_1_0/set1/en_us/img/cards/01SI049.png','http://dd.b.pvp.net/3_1_0/set1/en_us/img/cards/01SI049-full.png','Kudos Productions','','Fast','Set1','',1),('01SI050','Brood Awakening',6,0,0,'Summon 3 Spiderlings, then grant Spider allies +1|+0. ',NULL,'Spell','http://dd.b.pvp.net/3_1_0/set1/en_us/img/cards/01SI050.png','http://dd.b.pvp.net/3_1_0/set1/en_us/img/cards/01SI050-full.png','Kudos Productions','','Slow','Set1','',2),('01SI051','Tortured Prodigy',5,4,4,'When an ally dies, refill your spell mana.',NULL,'Unit','http://dd.b.pvp.net/3_1_0/set1/en_us/img/cards/01SI051.png','http://dd.b.pvp.net/3_1_0/set1/en_us/img/cards/01SI051-full.png','SIXMOREVODKA','','','Set1','',2),('01SI052','Thresh',5,3,6,'',NULL,'Unit','http://dd.b.pvp.net/3_1_0/set1/en_us/img/cards/01SI052.png','http://dd.b.pvp.net/3_1_0/set1/en_us/img/cards/01SI052-full.png','SIXMOREVODKA','I\'ve seen 6+ units die.','','Set1','',4),('01SI052T1','Thresh',5,4,7,'The first time I attack this game, summon another attacking 4 from your deck or hand.',NULL,'Unit','http://dd.b.pvp.net/3_1_0/set1/en_us/img/cards/01SI052T1.png','http://dd.b.pvp.net/3_1_0/set1/en_us/img/cards/01SI052T1-full.png','SIXMOREVODKA','','','Set1','',5),('01SI052T2','Thresh\'s The Box',4,0,0,'\"Deal 3 to each enemy that was summoned this round.\nCreate a Thresh in your deck.\"',NULL,'Spell','http://dd.b.pvp.net/3_1_0/set1/en_us/img/cards/01SI052T2.png','http://dd.b.pvp.net/3_1_0/set1/en_us/img/cards/01SI052T2-full.png','Kudos Productions','','Fast','Set1','',5),('01SI053','Elise',2,2,3,'Attack: Summon an attacking Spiderling.',NULL,'Unit','http://dd.b.pvp.net/3_1_0/set1/en_us/img/cards/01SI053.png','http://dd.b.pvp.net/3_1_0/set1/en_us/img/cards/01SI053-full.png','SIXMOREVODKA','Round Start: You have 3+ other Spiders.','','Set1','SPIDER',4),('01SI053T1','Elise\'s Crawling Sensation',1,0,0,'\"If an ally died this round, summon 2 Spiderlings.\nCreate an Elise in your deck.\"',NULL,'Spell','http://dd.b.pvp.net/3_1_0/set1/en_us/img/cards/01SI053T1.png','http://dd.b.pvp.net/3_1_0/set1/en_us/img/cards/01SI053T1-full.png','Kudos Productions','','Slow','Set1','',5),('01SI053T2','Spider Queen Elise',2,4,3,'Other Spider allies have Challenger and Fearsome.',NULL,'Unit','http://dd.b.pvp.net/3_1_0/set1/en_us/img/cards/01SI053T2.png','http://dd.b.pvp.net/3_1_0/set1/en_us/img/cards/01SI053T2-full.png','SIXMOREVODKA','','','Set1','SPIDER',5),('01SI054','Grasp of the Undying',5,0,0,'Drain 3 from any unit.',NULL,'Spell','http://dd.b.pvp.net/3_1_0/set1/en_us/img/cards/01SI054.png','http://dd.b.pvp.net/3_1_0/set1/en_us/img/cards/01SI054-full.png','Kudos Productions','','Fast','Set1','',1),('01SI055','Soulgorger',6,3,7,'',NULL,'Unit','http://dd.b.pvp.net/3_1_0/set1/en_us/img/cards/01SI055.png','http://dd.b.pvp.net/3_1_0/set1/en_us/img/cards/01SI055-full.png','SIXMOREVODKA','','','Set1','',2),('01SI056','Frenzied Skitterer',3,3,2,'When I\'m summoned, give other Spider allies +1|+0 and enemies -1|-0 this round.',NULL,'Unit','http://dd.b.pvp.net/3_1_0/set1/en_us/img/cards/01SI056.png','http://dd.b.pvp.net/3_1_0/set1/en_us/img/cards/01SI056-full.png','SIXMOREVODKA','','','Set1','SPIDER',2),('01SI057','Ancient Crocolith',4,7,7,'To play me, kill 2 allies.',NULL,'Unit','http://dd.b.pvp.net/3_1_0/set1/en_us/img/cards/01SI057.png','http://dd.b.pvp.net/3_1_0/set1/en_us/img/cards/01SI057-full.png','JiHun Lee','','','Set1','',2),('01SI058','Ethereal Remitter',5,4,3,'Play: Kill an ally to summon a random follower that costs 2 more.',NULL,'Unit','http://dd.b.pvp.net/3_1_0/set1/en_us/img/cards/01SI058.png','http://dd.b.pvp.net/3_1_0/set1/en_us/img/cards/01SI058-full.png','JiHun Lee','','','Set1','',2);
/*!40000 ALTER TABLE `card` ENABLE KEYS */;
UNLOCK TABLES;

--
-- Table structure for table `card_has_keyword`
--

DROP TABLE IF EXISTS `card_has_keyword`;
/*!40101 SET @saved_cs_client     = @@character_set_client */;
/*!50503 SET character_set_client = utf8mb4 */;
CREATE TABLE `card_has_keyword` (
  `Card_id` varchar(20) NOT NULL,
  `Keyword_id` int NOT NULL,
  PRIMARY KEY (`Card_id`,`Keyword_id`),
  KEY `fk_Card_has_Keyword_Keyword1_idx` (`Keyword_id`),
  KEY `fk_Card_has_Keyword_Card1_idx` (`Card_id`),
  CONSTRAINT `fk_Card_has_Keyword_Card1` FOREIGN KEY (`Card_id`) REFERENCES `card` (`id`),
  CONSTRAINT `fk_Card_has_Keyword_Keyword1` FOREIGN KEY (`Keyword_id`) REFERENCES `keyword` (`id`)
) ENGINE=InnoDB DEFAULT CHARSET=utf8mb3;
/*!40101 SET character_set_client = @saved_cs_client */;

--
-- Dumping data for table `card_has_keyword`
--

LOCK TABLES `card_has_keyword` WRITE;
/*!40000 ALTER TABLE `card_has_keyword` DISABLE KEYS */;
INSERT INTO `card_has_keyword` VALUES ('01DE042T3',1),('01FR013',1),('01FR026',1),('01FR031',1),('01FR034',1),('01FR037',1),('01FR039',1),('01FR039T2',1),('01FR047',1),('01FR053',1),('01FR054',1),('01NX009',1),('01NX020T3',1),('01NX038',1),('01NX038T2',1),('01NX044',1),('01NX045',1),('01NX051',1),('01PZ033T1',1),('01PZ056T9',1),('01SI042',1),('01SI042T1',1),('01DE013',2),('01DE017',2),('01DE018',2),('01DE019',2),('01DE027',2),('01DE032',2),('01DE037',2),('01DE041',2),('01DE042T1',2),('01DE045T2',2),('01DE050',2),('01FR001',2),('01FR004',2),('01FR005',2),('01FR006',2),('01FR009T2',2),('01FR010',2),('01FR012',2),('01FR016',2),('01FR024T1',2),('01FR029',2),('01FR030',2),('01FR038T1',2),('01FR039T1',2),('01FR042',2),('01FR046',2),('01IO004',2),('01IO010',2),('01IO012',2),('01IO012T1',2),('01IO012T2',2),('01IO018',2),('01IO022',2),('01IO029',2),('01IO032T2',2),('01IO037',2),('01IO041T2',2),('01IO054',2),('01IO055',2),('01NX006T3',2),('01NX019',2),('01NX020T1',2),('01NX025',2),('01NX027',2),('01NX039',2),('01NX047',2),('01PZ001',2),('01PZ008T1',2),('01PZ010',2),('01PZ016',2),('01PZ026',2),('01PZ028',2),('01PZ046',2),('01PZ049',2),('01PZ050',2),('01PZ056T3',2),('01SI022',2),('01SI047',2),('01DE042T3',10),('01PZ040T2',10),('01PZ022',15),('01DE010',17),('01DE024',17),('01FR003',17),('01FR014',17),('01FR024',17),('01FR024T3',17),('01FR043T1',17),('01NX037',17),('01PZ029',17),('01PZ047',17),('01SI021',17),('01SI026',17),('01SI033',17),('01SI041',17),('01SI043',17),('01SI048',17),('01DE007',21),('01DE012T2',21),('01DE025',21),('01DE026',21),('01IO002',21),('01IO003',21),('01IO009T3',21),('01IO011',21),('01IO015T2',21),('01IO039',21),('01IO046',21),('01IO047',21),('01IO049',21),('01NX004',21),('01NX011',21),('01NX013',21),('01NX020T2',21),('01NX022',21),('01NX042T1',21),('01NX043',21),('01NX050',21),('01NX052',21),('01PZ005',21),('01PZ031',21),('01PZ036T2',21),('01PZ039',21),('01PZ040T3',21),('01PZ052',21),('01SI001',21),('01SI019',21),('01SI025',21),('01SI029',21),('01SI030T1',21),('01SI034',21),('01SI040',21),('01SI045',21),('01SI046',21),('01SI049',21),('01SI052T2',21),('01SI054',21),('01DE014',25),('01DE021',25),('01DE022T2',25),('01DE033',25),('01DE035',25),('01DE042T3',25),('01DE044',25),('01DE047',25),('01FR019',25),('01FR020',25),('01FR023',25),('01FR038T3',25),('01FR051',25),('01FR055',25),('01FR057',25),('01IO001',25),('01IO024',25),('01NX002',25),('01NX038T1',25),('01NX049',25),('01NX053',25),('01NX054',25),('01NX056',25),('01PZ004',25),('01PZ014',25),('01PZ027',25),('01PZ033',25),('01PZ040T2',25),('01PZ057',25),('01PZ060',25),('01SI003',25),('01SI006',25),('01SI007',25),('01SI010',25),('01SI015',25),('01SI027',25),('01SI028',25),('01SI036',25),('01SI042T2',25),('01SI050',25),('01SI053T1',25),('01FR032',27),('01IO041T1',27),('01PZ003',27),('01PZ025',27),('01PZ036T1',27),('01PZ056',27),('01PZ056T10',27),('01FR021T1',38),('01FR024T2',38),('01FR024T5',38),('01FR036T1',38),('01FR052T1',38),('01IO033T1',38),('01IO056T1',38),('01NX006T2',38),('01NX006T4',38),('01NX040T1',38),('01NX046T1',38),('01PZ013T1',38),('01PZ030T1',38),('01PZ044T2',38),('01PZ048T1',38),('01PZ054T1',38),('01SI033T1',38),('01SI035T1',38),('01DE022T1',39),('01DE030',41),('01IO006',41),('01IO021',41),('01IO027',41),('01IO030',41),('01IO038',41),('01IO040',41),('01IO044',41),('01IO048',41),('01IO057',41),('01PZ008',41),('01PZ008T2',41),('01PZ009',41),('01PZ020',41),('01PZ036',41),('01PZ036T1',41),('01PZ056T6',41),('01DE042',46),('01DE042T2',46),('01PZ056T5',46),('01DE022',50),('01DE038',50),('01IO005',50),('01IO007',50),('01IO008',50),('01IO009',50),('01IO009T2',50),('01IO015',50),('01IO015T1',50),('01IO033',50),('01NX020',50),('01NX020T3',50),('01NX042',50),('01NX042T2',50),('01PZ006',50),('01PZ018',50),('01PZ040',50),('01PZ040T1',50),('01PZ056T2',50),('01DE002',51),('01DE020',51),('01DE028',51),('01DE030',51),('01DE049',51),('01FR039T2',51),('01PZ056T7',51),('01DE012',52),('01DE012T1',52),('01FR009',52),('01FR009T1',52),('01FR052',52),('01FR054',52),('01NX006T1',52),('01IO040',55),('01IO053',55),('01SI004',55),('01SI055',55),('01IO009T1',59),('01IO013',59),('01IO027',59),('01PZ047',59),('01SI004',59),('01SI007T1',59),('01SI021',59),('01SI024',59),('01DE004',61),('01DE010',61),('01DE011',61),('01DE045',61),('01DE045T1',61),('01DE053',61),('01FR009',61),('01FR009T1',61),('01FR018',61),('01FR049',61),('01IO048',61),('01NX031',61),('01NX034',61),('01NX045',61),('01PZ012',61),('01PZ056T1',61),('01SI052',61),('01SI052T1',61),('01SI053T2',61),('01FR039T2',62),('01NX010',62),('01NX015',62),('01NX041',62),('01PZ056T8',62),('01SI005',62),('01SI014',62),('01SI027T1',62),('01SI030',62),('01SI030T2',62),('01SI031',62),('01SI033',62),('01SI035',62),('01SI037',62),('01SI039',62),('01SI044',62),('01SI053',62),('01SI053T2',62),('01SI056',62),('01NX012',63),('01NX026',63),('01NX031',63),('01SI021',63),('01SI041',63),('01SI048',63);
/*!40000 ALTER TABLE `card_has_keyword` ENABLE KEYS */;
UNLOCK TABLES;

--
-- Table structure for table `card_has_region`
--

DROP TABLE IF EXISTS `card_has_region`;
/*!40101 SET @saved_cs_client     = @@character_set_client */;
/*!50503 SET character_set_client = utf8mb4 */;
CREATE TABLE `card_has_region` (
  `Card_id` varchar(20) NOT NULL,
  `Region_id` int NOT NULL,
  PRIMARY KEY (`Card_id`,`Region_id`),
  KEY `fk_Card_has_Region_Region1_idx` (`Region_id`),
  KEY `fk_Card_has_Region_Card_idx` (`Card_id`),
  CONSTRAINT `fk_Card_has_Region_Card` FOREIGN KEY (`Card_id`) REFERENCES `card` (`id`),
  CONSTRAINT `fk_Card_has_Region_Region1` FOREIGN KEY (`Region_id`) REFERENCES `region` (`id`)
) ENGINE=InnoDB DEFAULT CHARSET=utf8mb3;
/*!40101 SET character_set_client = @saved_cs_client */;

--
-- Dumping data for table `card_has_region`
--

LOCK TABLES `card_has_region` WRITE;
/*!40000 ALTER TABLE `card_has_region` DISABLE KEYS */;
INSERT INTO `card_has_region` VALUES ('01NX002',2),('01NX003',2),('01NX004',2),('01NX005',2),('01NX006',2),('01NX006T1',2),('01NX006T2',2),('01NX006T3',2),('01NX006T4',2),('01NX007',2),('01NX008',2),('01NX009',2),('01NX010',2),('01NX011',2),('01NX012',2),('01NX013',2),('01NX014',2),('01NX015',2),('01NX016',2),('01NX017',2),('01NX019',2),('01NX020',2),('01NX020T1',2),('01NX020T2',2),('01NX020T3',2),('01NX021',2),('01NX022',2),('01NX023',2),('01NX024',2),('01NX025',2),('01NX026',2),('01NX027',2),('01NX029',2),('01NX030',2),('01NX031',2),('01NX032',2),('01NX033',2),('01NX034',2),('01NX035',2),('01NX036',2),('01NX037',2),('01NX038',2),('01NX038T1',2),('01NX038T2',2),('01NX039',2),('01NX040',2),('01NX040T1',2),('01NX041',2),('01NX042',2),('01NX042T1',2),('01NX042T2',2),('01NX043',2),('01NX044',2),('01NX045',2),('01NX046',2),('01NX046T1',2),('01NX047',2),('01NX048',2),('01NX049',2),('01NX050',2),('01NX051',2),('01NX052',2),('01NX053',2),('01NX054',2),('01NX055',2),('01NX056',2),('01DE001',3),('01DE002',3),('01DE003',3),('01DE004',3),('01DE006',3),('01DE007',3),('01DE009',3),('01DE010',3),('01DE011',3),('01DE012',3),('01DE012T1',3),('01DE012T2',3),('01DE013',3),('01DE014',3),('01DE015',3),('01DE016',3),('01DE017',3),('01DE018',3),('01DE019',3),('01DE020',3),('01DE021',3),('01DE022',3),('01DE022T1',3),('01DE022T2',3),('01DE023',3),('01DE024',3),('01DE025',3),('01DE026',3),('01DE027',3),('01DE028',3),('01DE029',3),('01DE030',3),('01DE031',3),('01DE032',3),('01DE033',3),('01DE034',3),('01DE035',3),('01DE036',3),('01DE037',3),('01DE038',3),('01DE039',3),('01DE040',3),('01DE041',3),('01DE042',3),('01DE042T1',3),('01DE042T2',3),('01DE042T3',3),('01DE043',3),('01DE044',3),('01DE045',3),('01DE045T1',3),('01DE045T2',3),('01DE046',3),('01DE047',3),('01DE048',3),('01DE049',3),('01DE050',3),('01DE051',3),('01DE052',3),('01DE053',3),('01DE054',3),('01DE055',3),('01DE056',3),('01FR001',4),('01FR003',4),('01FR004',4),('01FR005',4),('01FR006',4),('01FR007',4),('01FR008',4),('01FR008T1',4),('01FR009',4),('01FR009T1',4),('01FR009T2',4),('01FR010',4),('01FR011',4),('01FR012',4),('01FR013',4),('01FR014',4),('01FR016',4),('01FR017',4),('01FR018',4),('01FR019',4),('01FR020',4),('01FR021',4),('01FR021T1',4),('01FR022',4),('01FR023',4),('01FR024',4),('01FR024T1',4),('01FR024T2',4),('01FR024T3',4),('01FR024T4',4),('01FR024T5',4),('01FR025',4),('01FR026',4),('01FR027',4),('01FR028',4),('01FR029',4),('01FR030',4),('01FR031',4),('01FR032',4),('01FR033',4),('01FR034',4),('01FR035',4),('01FR036',4),('01FR036T1',4),('01FR037',4),('01FR038',4),('01FR038T1',4),('01FR038T2',4),('01FR038T3',4),('01FR039',4),('01FR039T1',4),('01FR039T2',4),('01FR040',4),('01FR041',4),('01FR042',4),('01FR043',4),('01FR043T1',4),('01FR045',4),('01FR046',4),('01FR047',4),('01FR048',4),('01FR049',4),('01FR049T1',4),('01FR050',4),('01FR051',4),('01FR052',4),('01FR052T1',4),('01FR053',4),('01FR054',4),('01FR055',4),('01FR056',4),('01FR057',4),('01SI001',5),('01SI002',5),('01SI003',5),('01SI004',5),('01SI005',5),('01SI006',5),('01SI007',5),('01SI007T1',5),('01SI009',5),('01SI010',5),('01SI011',5),('01SI012',5),('01SI014',5),('01SI015',5),('01SI016',5),('01SI018',5),('01SI019',5),('01SI020',5),('01SI021',5),('01SI022',5),('01SI023',5),('01SI024',5),('01SI025',5),('01SI026',5),('01SI027',5),('01SI027T1',5),('01SI028',5),('01SI029',5),('01SI030',5),('01SI030T1',5),('01SI030T2',5),('01SI031',5),('01SI032',5),('01SI033',5),('01SI033T1',5),('01SI034',5),('01SI035',5),('01SI035T1',5),('01SI036',5),('01SI037',5),('01SI038',5),('01SI039',5),('01SI040',5),('01SI041',5),('01SI042',5),('01SI042T1',5),('01SI042T2',5),('01SI043',5),('01SI044',5),('01SI045',5),('01SI046',5),('01SI047',5),('01SI048',5),('01SI048T1',5),('01SI049',5),('01SI050',5),('01SI051',5),('01SI052',5),('01SI052T1',5),('01SI052T2',5),('01SI053',5),('01SI053T1',5),('01SI053T2',5),('01SI054',5),('01SI055',5),('01SI056',5),('01SI057',5),('01SI058',5),('01IO001',6),('01IO002',6),('01IO003',6),('01IO004',6),('01IO005',6),('01IO006',6),('01IO007',6),('01IO008',6),('01IO009',6),('01IO009T1',6),('01IO009T2',6),('01IO009T3',6),('01IO010',6),('01IO011',6),('01IO012',6),('01IO012T1',6),('01IO012T2',6),('01IO013',6),('01IO014',6),('01IO015',6),('01IO015T1',6),('01IO015T2',6),('01IO016',6),('01IO017',6),('01IO018',6),('01IO019',6),('01IO020',6),('01IO021',6),('01IO022',6),('01IO023',6),('01IO024',6),('01IO026',6),('01IO027',6),('01IO028',6),('01IO028T1',6),('01IO028T2',6),('01IO029',6),('01IO030',6),('01IO031',6),('01IO032',6),('01IO032T1',6),('01IO032T2',6),('01IO033',6),('01IO033T1',6),('01IO036',6),('01IO037',6),('01IO038',6),('01IO039',6),('01IO040',6),('01IO041',6),('01IO041T1',6),('01IO041T2',6),('01IO042',6),('01IO043',6),('01IO044',6),('01IO045',6),('01IO046',6),('01IO047',6),('01IO048',6),('01IO049',6),('01IO050',6),('01IO052',6),('01IO052T1',6),('01IO053',6),('01IO054',6),('01IO055',6),('01IO056',6),('01IO056T1',6),('01IO057',6),('01PZ001',9),('01PZ002',9),('01PZ003',9),('01PZ004',9),('01PZ005',9),('01PZ006',9),('01PZ007',9),('01PZ008',9),('01PZ008T1',9),('01PZ008T2',9),('01PZ009',9),('01PZ010',9),('01PZ012',9),('01PZ013',9),('01PZ013T1',9),('01PZ014',9),('01PZ014T1',9),('01PZ015',9),('01PZ016',9),('01PZ017',9),('01PZ018',9),('01PZ019',9),('01PZ020',9),('01PZ021',9),('01PZ022',9),('01PZ023',9),('01PZ024',9),('01PZ025',9),('01PZ026',9),('01PZ027',9),('01PZ028',9),('01PZ029',9),('01PZ030',9),('01PZ030T1',9),('01PZ031',9),('01PZ032',9),('01PZ033',9),('01PZ033T1',9),('01PZ034',9),('01PZ035',9),('01PZ036',9),('01PZ036T1',9),('01PZ036T2',9),('01PZ038',9),('01PZ039',9),('01PZ040',9),('01PZ040T1',9),('01PZ040T2',9),('01PZ040T3',9),('01PZ042',9),('01PZ043',9),('01PZ044',9),('01PZ044T2',9),('01PZ045',9),('01PZ046',9),('01PZ047',9),('01PZ048',9),('01PZ048T1',9),('01PZ049',9),('01PZ050',9),('01PZ051',9),('01PZ052',9),('01PZ053',9),('01PZ054',9),('01PZ054T1',9),('01PZ055',9),('01PZ056',9),('01PZ056T1',9),('01PZ056T10',9),('01PZ056T2',9),('01PZ056T3',9),('01PZ056T4',9),('01PZ056T5',9),('01PZ056T6',9),('01PZ056T7',9),('01PZ056T8',9),('01PZ056T9',9),('01PZ057',9),('01PZ058',9),('01PZ059',9),('01PZ060',9);
/*!40000 ALTER TABLE `card_has_region` ENABLE KEYS */;
UNLOCK TABLES;

--
-- Table structure for table `keyword`
--

DROP TABLE IF EXISTS `keyword`;
/*!40101 SET @saved_cs_client     = @@character_set_client */;
/*!50503 SET character_set_client = utf8mb4 */;
CREATE TABLE `keyword` (
  `id` int NOT NULL AUTO_INCREMENT,
  `name` varchar(45) DEFAULT NULL,
  `description` varchar(145) DEFAULT NULL,
  PRIMARY KEY (`id`)
) ENGINE=InnoDB AUTO_INCREMENT=66 DEFAULT CHARSET=utf8mb3;
/*!40101 SET character_set_client = @saved_cs_client */;

--
-- Dumping data for table `keyword`
--

LOCK TABLES `keyword` WRITE;
/*!40000 ALTER TABLE `keyword` DISABLE KEYS */;
INSERT INTO `keyword` VALUES (1,'Overwhelm','Inflicts damage beyond what would kill the target(s) to the enemy Nexus.'),(2,'Burst','Burst spells are cast instantaneously. The enemy can\'t act before it finishes.'),(3,'Countdown','Round Start: I count down 1. At 0, activate the Countdown effect, then destroy me.'),(4,'Play','Get this effect when you play this unit from hand.'),(5,'Landmark','Landmarks take up a space on the board. They can\'t attack, block, or take damage.'),(6,'Capture','A Captured card is removed from the game. It returns when the Capturing unit leaves play.'),(7,'Attack','Get this effect when this unit attacks.'),(8,'Shurima',' '),(9,'Noxus',' '),(10,'Fleeting','Fleeting cards discard from hand when the round ends.'),(11,'Nab','Draw a non-champion card from the bottom of the enemy deck.'),(12,'Focus','Cannot be cast in combat or while other spells are pending. Cast instantaneously.'),(13,'Enlightened','You\'re Enlightened when you have 10 max mana.'),(14,'Invoke','Pick a Celestial card from among 3 to create in hand.'),(15,'Trap','Attaches to another card, trapping it. When the trapped card is drawn, perform the effect.'),(16,'Drain','Heal your Nexus for the amount of damage dealt'),(17,'Last Breath','These abilities take effect when the unit dies.'),(18,'Demacia',' '),(19,'Level Up','A champion levels up once this condition is met, even in hand or deck.'),(20,'Bandle City',' Yordles!'),(21,'Fast','Fast spells can be played at any time, but allow the opponent to respond.'),(22,'Bilgewater',' '),(23,'Recall','Return a unit to hand and remove all effects applied to it.'),(24,'Weakest','Lowest Power, with ties broken by lowest Health then lowest Cost'),(25,'Slow','Slow spells can be cast outside of combat and other casting. The enemy can respond.'),(26,'Obliterate','Completely removed from the game. Doesn\'t cause Last Breath and can\'t be revived.'),(27,'Imbue','These abilities trigger when you resolve a spell.'),(28,'Targon',' '),(29,'Shadow Isles',' '),(31,'Ionia',' '),(32,'Nightfall','Bonus if this is NOT the first card you play in a round.'),(33,'Piltover & Zaun',' '),(34,'Freljord',' '),(35,'Attune','When I\'m summoned, refill 1 spell mana.'),(36,'Daybreak','Bonus if this is the FIRST card you play in a round.'),(38,'Skill','A unit\'s spell-like effect that allows enemy reactions.'),(39,'Double Attack','While attacking, it strikes both before AND at the same time as its blocker.'),(40,'Vulnerable','The enemy can challenge this unit, forcing it to block.'),(41,'Elusive','Can only be blocked by an Elusive unit.'),(42,'Stun','Remove a unit from combat. It can\'t attack or block for the rest of the round.'),(43,'Fated','Each round, the first time an allied card targets me, grant me +1|+1.'),(44,'Can block Elusives','Missing Translation'),(45,'Fury','When I kill a unit, grant me +1|+1.'),(46,'Barrier','Negates the next damage the unit would take. Lasts one round.'),(47,'Immobile','Can\'t attack or block.'),(48,'Frostbite','Set a unit\'s Power to 0 this round. It can be changed after.'),(49,'Overwhelm','Excess damage I deal to my blocker is dealt to the enemy Nexus.'),(50,'Quick Attack','While attacking, strikes before its blocker.'),(51,'Tough','Takes 1 less damage from all sources.'),(52,'Regeneration','Heals fully at the end of each round.'),(53,'Silenced','Removes all text and keywords from a unit.'),(54,'SpellShield','Negates the next enemy spell or skill that would affect me.'),(55,'Lifesteal','Damage this unit deals heals its Nexus that amount.'),(56,'Augment','When you play a created card, grant me +1|+0.'),(57,'Impact','When this strikes while attacking, it deals 1 to the enemy Nexus. This keyword can stack.'),(58,'Scout','The first time only Scout units attack each round, ready your attack.'),(59,'Ephemeral','This unit dies when it strikes or when the round ends.'),(60,'Lurk','When you attack while I\'m on top of your deck, I Lurk, granting Lurker allies everywhere +1|+0. Max once per round.'),(61,'Challenger','Can choose which enemy unit blocks.'),(62,'Fearsome','Can only be blocked by enemies with 3 or more Power.'),(63,'Can\'t Block',' '),(64,'Deep','obliterate that many non-champion cards from the bottom of your deck');
/*!40000 ALTER TABLE `keyword` ENABLE KEYS */;
UNLOCK TABLES;

--
-- Table structure for table `rarity`
--

DROP TABLE IF EXISTS `rarity`;
/*!40101 SET @saved_cs_client     = @@character_set_client */;
/*!50503 SET character_set_client = utf8mb4 */;
CREATE TABLE `rarity` (
  `id` int NOT NULL AUTO_INCREMENT,
  `name` varchar(45) DEFAULT NULL,
  `shardCost` int DEFAULT NULL,
  `coinCost` int DEFAULT NULL,
  PRIMARY KEY (`id`)
) ENGINE=InnoDB AUTO_INCREMENT=8 DEFAULT CHARSET=utf8mb3;
/*!40101 SET character_set_client = @saved_cs_client */;

--
-- Dumping data for table `rarity`
--

LOCK TABLES `rarity` WRITE;
/*!40000 ALTER TABLE `rarity` DISABLE KEYS */;
INSERT INTO `rarity` VALUES (1,'Common',100,10),(2,'Rare',300,30),(3,'Epic',1200,120),(4,'Champion',3000,300),(5,'None',0,0);
/*!40000 ALTER TABLE `rarity` ENABLE KEYS */;
UNLOCK TABLES;

--
-- Table structure for table `region`
--

DROP TABLE IF EXISTS `region`;
/*!40101 SET @saved_cs_client     = @@character_set_client */;
/*!50503 SET character_set_client = utf8mb4 */;
CREATE TABLE `region` (
  `id` int NOT NULL AUTO_INCREMENT,
  `name` varchar(45) NOT NULL,
  `icon` varchar(145) DEFAULT NULL,
  PRIMARY KEY (`id`)
) ENGINE=InnoDB AUTO_INCREMENT=17 DEFAULT CHARSET=utf8mb3;
/*!40101 SET character_set_client = @saved_cs_client */;

--
-- Dumping data for table `region`
--

LOCK TABLES `region` WRITE;
/*!40000 ALTER TABLE `region` DISABLE KEYS */;
INSERT INTO `region` VALUES (1,'Targon','http://dd.b.pvp.net/3_1_0/core/en_us/img/regions/icon-targon.png'),(2,'Noxus','http://dd.b.pvp.net/3_1_0/core/en_us/img/regions/icon-noxus.png'),(3,'Demacia','http://dd.b.pvp.net/3_1_0/core/en_us/img/regions/icon-demacia.png'),(4,'Freljord','http://dd.b.pvp.net/3_1_0/core/en_us/img/regions/icon-freljord.png'),(5,'Shadow Isles','http://dd.b.pvp.net/3_1_0/core/en_us/img/regions/icon-shadowisles.png'),(6,'Ionia','http://dd.b.pvp.net/3_1_0/core/en_us/img/regions/icon-ionia.png'),(7,'Shurima','http://dd.b.pvp.net/3_1_0/core/en_us/img/regions/icon-shurima.png'),(8,'Bilgewater','http://dd.b.pvp.net/3_1_0/core/en_us/img/regions/icon-bilgewater.png'),(9,'Piltover & Zaun','http://dd.b.pvp.net/3_1_0/core/en_us/img/regions/icon-piltoverzaun.png'),(10,'Bandle City','http://dd.b.pvp.net/3_1_0/core/en_us/img/regions/icon-bandlecity.png');
/*!40000 ALTER TABLE `region` ENABLE KEYS */;
UNLOCK TABLES;
/*!40103 SET TIME_ZONE=@OLD_TIME_ZONE */;

/*!40101 SET SQL_MODE=@OLD_SQL_MODE */;
/*!40014 SET FOREIGN_KEY_CHECKS=@OLD_FOREIGN_KEY_CHECKS */;
/*!40014 SET UNIQUE_CHECKS=@OLD_UNIQUE_CHECKS */;
/*!40101 SET CHARACTER_SET_CLIENT=@OLD_CHARACTER_SET_CLIENT */;
/*!40101 SET CHARACTER_SET_RESULTS=@OLD_CHARACTER_SET_RESULTS */;
/*!40101 SET COLLATION_CONNECTION=@OLD_COLLATION_CONNECTION */;
/*!40111 SET SQL_NOTES=@OLD_SQL_NOTES */;

-- Dump completed on 2022-02-09 10:09:30
